,Unnamed: 0,Email,Address,Avatar,Avg. Session Length,Time on App,Time on Website,Length of Membership,Yearly Amount Spent,Unnamed: 9,Gender
0,0,mstephenson@fernandez.com,"835 Frank Tunnel
Wrightmouth, MI 82180-9605",Violet,34.49726772511229,12.65565114916675,39.57766801952616,4.082620632952961,587.9510539684005,,M
1,1,hduke@hotmail.com,"4547 Archer Common
Diazchester, CA 06566-8576",DarkGreen,31.92627202636016,11.10946072868256,37.26895886829774,2.66403418213262,392.2049334443264,,M
2,2,pallen@yahoo.com,"24645 Valerie Unions Suite 582
Cobbborough, DC 99414-7564",Bisque,33.00091475564268,11.33027805777751,37.11059744212085,4.104543202376424,487.5475048674721,,M
3,3,riverarebecca@gmail.com,"1414 David Throughway
Port Jason, OH 22070-1220",SaddleBrown,34.30555662975554,13.71751366514251,36.72128267790313,3.120178782748092,581.8523440352178,,F
4,4,mstephens@davidson-herman.com,"14023 Rodriguez Passage
Port Jacobville, PR 37242-1057",MediumAquaMarine,33.33067252364639,12.79518855107811,37.53665330059473,4.446308318351435,599.4060920457634,,M
5,5,alvareznancy@lucas.biz,"645 Martha Park Apt. 611
Jeffreychester, MN 67218-7250",FloralWhite,33.87103787934198,12.02692533975506,34.47687762925054,5.493507201364199,637.102447915074,,F
6,6,katherine20@yahoo.com,"68388 Reyes Lights Suite 692
Josephbury, WV 92213-0247",DarkSlateBlue,32.02159550138701,11.36634830971053,36.6837761528696,4.685017246570912,521.5721747578274,,F
7,7,awatkins@yahoo.com,"Unit 6538 Box 8980
DPO AP 09026-4941",Aqua,32.73914293838033,12.35195897300293,37.37335885854755,4.434273434899938,549.9041461052942,,M
8,8,vchurch@walter-martinez.com,"860 Lee Key
West Debra, SD 97450-0495",Salmon,33.98777289568564,13.38623527567643,37.53449734155573,3.273433577747714,570.2004089636195,,M
9,9,bonnie69@lin.biz,"PSC 2734, Box 5255
APO AA 98456-7482",Brown,31.93654861844892,11.8141282949722,37.14516822352819,3.202806071553459,427.1993848953281,,F
10,10,andrew06@peterson.com,"26104 Alexander Groves
Alexandriaport, WY 28244-9149",Tomato,33.99257277495374,13.33897544766211,37.22580613162114,2.482607770510596,492.6060127179966,,M
11,11,ryanwerner@freeman.biz,"Unit 2413 Box 0347
DPO AA 07580-2652",Tomato,33.87936082480498,11.58478299953527,37.08792607098381,3.71320920294043,522.3374046069357,,M
12,12,knelson@gmail.com,"6705 Miller Orchard Suite 186
Lake Shanestad, MO 75696-5051",RoyalBlue,29.53242896705794,10.9612984001541,37.42021557502538,4.046423164299585,408.6403510726275,,M
13,13,wrightpeter@yahoo.com,"05302 Dunlap Ferry
New Stephaniehaven, MP 42268",Bisque,33.19033404372265,12.95922609160938,36.14466670004192,3.918541839158999,573.4158673313865,,M
14,14,taylormason@gmail.com,"7773 Powell Springs Suite 190
Samanthaland, ND 44358",DarkBlue,32.38797585315387,13.14872569205652,36.61995708279922,2.494543646659249,470.4527333009555,,F
15,15,jstark@anderson.com,"49558 Ramirez Road Suite 399
Phillipstad, OH 35641-3238",Peru,30.73772037262819,12.63660605200013,36.21376309369862,3.357846842326294,461.7807421962299,,M
16,16,wjennings@gmail.com,"6362 Wilson Mountain
Johnsonfurt, GA 15169",PowderBlue,32.12538689728784,11.73386169085739,34.8940927514398,3.13613271648978,457.8476959449486,,F
17,17,rebecca45@hale-bauer.biz,"8982 Burton Row
Wilsonton, PW 88606",OliveDrab,32.33889932306719,12.0131946940144,38.38513659413844,2.420806160901484,407.7045475495441,,F
18,18,alejandro75@hotmail.com,"64475 Andre Club Apt. 795
Port Dannytown, PW 63227",Cyan,32.18781204593216,14.7153875441565,38.24411459434352,1.516575580831944,452.3156754800355,,M
19,19,samuel46@love-west.net,"544 Alexander Heights Suite 768
North Johnview, MT 57912",LightSeaGreen,32.61785606282345,13.98959255582525,37.19050380039796,4.064548550437977,605.061038804892,,M
20,20,megan33@gmail.com,"84426 Julia Vista
North Teresa, KY 50756",PeachPuff,32.91278511115979,11.36549202551616,37.60779252420698,4.599937357614995,534.7057438060227,,F
21,21,agolden@yahoo.com,"PSC 2490, Box 2120
APO AE 15445-2876",Black,33.50308725671972,12.87798369625634,37.44102133556604,1.559151939957077,419.9387748391792,,F
22,22,vstafford@hotmail.com,"PSC 5723, Box 8159
APO AA 74738",Olive,31.5316044825729,13.37856278416899,38.73400628989712,2.245147787405283,436.5156057293626,,F
23,23,denise22@hernandez-townsend.com,"USNS Cardenas
FPO AA 85439-9449",Silver,32.90325097337207,11.65757592206558,36.77260376125875,3.919302308553184,519.3409891307888,,F
24,24,youngbarbara@yahoo.com,"019 Elliott Tunnel Suite 190
Nicholsbury, WV 60804-4440",Wheat,34.50755099852662,12.89366950407174,37.63575587790592,5.705153970601026,700.9170916173961,,F
25,25,william25@mcconnell.com,"9495 Mary Fall Apt. 777
Glassport, ND 17957-5596",Teal,33.02933195350689,11.76581264548236,37.73852494557909,2.721735992045219,423.1799916805978,,M
26,26,ijones@schaefer-carr.net,"657 Judith Crossroad
Hancockchester, VI 75658-5788",Linen,33.54123131310037,12.78389178427502,36.43064962104931,4.648199316428601,619.8956398616368,,M
27,27,heatherhall@yahoo.com,"8522 Regina Port Suite 782
Port Kaitlin, TX 50501-7264",MediumSlateBlue,32.33598963740772,13.00781942438857,37.85177916943607,2.996364526268539,486.8389347650627,,F
28,28,tinasmith@martinez.info,"40000 Ann Port Suite 474
Youngberg, MS 03651",LemonChiffon,33.11020505771776,11.98204499401561,35.29308775436051,3.923488745527437,529.537665336851,,F
29,29,chasejennifer@hotmail.com,"9507 Robert Prairie Apt. 601
East Crystalview, SC 56814",DarkOrchid,33.10543794246846,11.9650200029979,37.27781174207212,4.742577519573315,554.7220838330761,,F
30,30,jenniferbarnett@gmail.com,"0772 Michael Isle Suite 617
Meyerstown, WA 45449-6768",SeaGreen,33.24190043446127,12.30541781342944,36.16364817104465,3.062368145311689,497.5866713004408,,F
31,31,jared39@hotmail.com,"739 David Isle Suite 818
Chandlertown, DC 34587",SteelBlue,33.46105629551836,10.86916381413036,35.62244242064545,3.471413452477678,447.6879065360586,,M
32,32,briancarlson@page-fleming.com,"USCGC Gill
FPO AA 26496",DarkMagenta,32.17550123794938,13.38749210557969,35.69417498569782,4.343062915388998,588.7126055095755,,F
33,33,joshuaodom@gmail.com,"5277 Patel Brook
East Audrey, NJ 19075",DarkGoldenRod,32.72836000313375,13.1045072428758,38.87804050675985,2.82009723397347,491.0732236795197,,M
34,34,vickie90@lee-wilson.com,"9135 Rodriguez Dam
Ramirezberg, MS 77223",DarkSeaGreen,32.82030994541536,11.63489325255047,35.36862632536302,4.124585296714653,507.4418323396167,,M
35,35,duane56@hotmail.com,"24373 Mcgee Drive Apt. 990
New Mariahaven, NH 14470",Gainsboro,33.61603789276768,11.93638649989228,38.76864099802668,3.649286157714702,521.8835731664784,,F
36,36,enash@gmail.com,"997 Campbell Flat Suite 970
East Amanda, PW 22048",HotPink,31.72165236050904,11.75502370305383,36.7657223578584,1.847370423339508,347.7769266318726,,M
37,37,sandraharrison@bailey-gordon.net,"7835 Rogers Roads
East Amberhaven, MI 70835-2286",LightSeaGreen,32.8653271748764,11.98441752363492,37.0443614002997,3.452388582630727,490.7386321439546,,F
38,38,cunninghamwilliam@hotmail.com,"4589 Dan Fords
Beasleyburgh, ME 96590-8272",HoneyDew,32.74936818112046,9.954975969174418,37.38831486719822,4.650491269094463,478.1703340540876,,M
39,39,teresaallen@hill-leach.info,"1958 Robert Bridge Apt. 250
Malloryland, ID 03393-5336",WhiteSmoke,32.56723048027511,12.48901321574366,36.37147981406854,4.22243622534277,537.8461952695957,,F
40,40,rhonda96@little.org,"2977 Perez Row
Lake Jack, TN 45336-9436",GhostWhite,32.07054622092545,11.7331062203834,37.53429101112127,4.671275460906252,532.7517875818365,,F
41,41,lisacabrera@yahoo.com,"9801 Thomas Pike Suite 058
Brandishire, AK 88122-1314",DarkSlateBlue,33.01954798572344,10.63456131792028,37.49669014561275,4.646119976606155,501.8744302842695,,F
42,42,jasonrichardson@elliott.com,"18372 Matthew Fork Suite 705
North Matthewmouth, KY 99737",Chocolate,33.79203907501622,12.50752537401604,37.14286198458455,4.214495086037866,591.1971781805905,,M
43,43,hoovernicole@dorsey.net,"69403 Hernandez Knolls
Marciashire, DE 36417-5667",HoneyDew,32.89398062181101,11.52987820576495,36.88808605419926,4.643258549800133,547.2443434159983,,F
44,44,christopher20@gmail.com,"USNV Fuller
FPO AE 32122-5711",Snow,32.04448612744043,13.41493473585169,36.11243501077792,2.258686386946843,448.22982918655,,M
45,45,brianwilson@yahoo.com,"448 Stewart Divide
New Ashleyfort, FM 84050",BurlyWood,34.55576799465749,12.1705254249594,39.13109673366661,3.663105491283854,549.860590464497,,M
46,46,gonzaleskatie@gmail.com,"70129 Darrell Spring
Thomasmouth, HI 39319-2739",Moccasin,34.56455770619167,13.14655143290706,37.33544589432572,3.876875176923767,593.915002968289,,F
47,47,lsmith@chung.com,"412 Jackson River
Kleinburgh, KS 52039-7404",BlueViolet,32.72678459786398,12.98851014718529,36.46200325853961,4.113226122724209,563.6728733601082,,M
48,48,dongarcia@hotmail.com,"546 Benjamin Lights Suite 421
Romerofurt, NC 43746-4501",MediumBlue,33.11721873299479,11.86412635894251,36.58272776540628,3.202531199210734,479.7319490859451,,F
49,49,kimberly46@garcia-nelson.biz,"4066 Gonzalez Dam Apt. 277
West Jessica, TN 36880",GreenYellow,31.66104982274608,11.39806419009681,36.59445670006827,3.198399271684906,416.3583535799008,,F
50,50,william82@gmail.com,"11143 Park Squares
Samanthatown, UT 97073",SandyBrown,33.25633546983111,13.85806246213124,37.78026468722867,5.97676812602,725.5848140556805,,M
51,51,brenda82@maldonado-gonzalez.net,"645 Elizabeth Pass
Williamview, MS 51544",MediumVioletRed,33.90022441401576,10.95679096779165,37.26687825942091,2.952668957921736,442.667251738628,,F
52,52,josephgould@west.info,"861 Annette Stream Suite 771
North Miguel, CA 33824-1610",DarkBlue,34.18777482695728,10.32011625505919,37.45340510152358,2.094891706105177,384.6265715694054,,M
53,53,wbrady@yahoo.com,"044 Riggs Expressway
Lake Stevenchester, AL 22283",SandyBrown,33.76206923913139,9.98451439654646,35.93344930095986,3.85547168456418,451.4574468676027,,M
54,54,smithtracey@mcgee.com,"PSC 4508, Box 7961
APO AA 55271-2375",DarkOliveGreen,34.39016366434333,12.64519514084352,38.46832110587932,2.874596910303952,522.40414125956,,F
55,55,amberchase@fowler.info,"1867 Gregory Isle Suite 022
Port Tammy, LA 52305-9696",GreenYellow,33.92529660119954,11.58865542335304,35.25224202243303,3.392050489073839,483.6733080190456,,F
56,56,gregoryholmes@hotmail.com,"2891 Martin Plain Suite 197
Melaniestad, NE 65650-8529",DarkSalmon,32.68822929602445,13.76153284711561,39.25293095040623,2.995761182613056,520.8987944502368,,M
57,57,jeffreydawson@gmail.com,"9944 Trevor Expressway
Robinsonstad, OR 34630-1840",DarkSeaGreen,34.3018702154015,10.56829468563276,36.17312563197192,3.315224753915403,453.1695023546974,,M
58,58,rjohns@gmail.com,"264 Derek Dam Apt. 680
West Danielle, SD 91517-8611",DeepPink,32.84393022265517,11.83228622286363,36.81401056250368,3.471919136541748,496.650708068581,,M
59,59,john85@martin-morgan.com,"USNV Reese
FPO AA 73568-0730",Olive,33.75499472831927,12.06415663219932,37.27122169250192,3.970555628075349,547.3651405940458,,M
60,60,vcoleman@yahoo.com,"7761 Hughes Curve Apt. 880
Rodriguezberg, MN 96206-5317",SkyBlue,33.87978428970283,12.49559160238484,38.05260975257308,4.639320331857264,616.8515229667128,,F
61,61,floresarthur@yahoo.com,"12612 Johnson Skyway Suite 764
Jessicaville, CT 14968-6590",Magenta,33.07653560709715,9.607314687519166,36.49399254673739,5.081210092491108,507.2125690006785,,M
62,62,ryan36@gmail.com,"5379 Rhonda Prairie Apt. 696
Brownland, WA 87027",DarkTurquoise,32.22729913636721,13.72862717742986,37.99702800956553,4.802630630523376,613.5993233689068,,M
63,63,chris67@ryan.biz,"716 Bush Greens Apt. 098
Trevorton, MA 17817-8000",Silver,32.78977261831071,11.67006591911898,37.4087484767376,3.414688422504897,483.159720784517,,M
64,64,katie25@gmail.com,"6861 Lopez Fork Apt. 114
South Jamiechester, DE 63993",SpringGreen,32.77260992960089,13.27631300817538,36.60077705432864,3.462298847460372,540.2634004105403,,F
65,65,kyang@diaz.org,"223 Love Trail Suite 831
Port Jeffrey, IN 46849",OliveDrab,34.37425804524747,15.12699428879247,37.15762409406526,5.377593583586978,765.5184619388372,,M
66,66,tadams@contreras.info,"049 Matthew Terrace
Lake Matthew, MS 20210",Aqua,33.0787172146689,12.69578974902314,35.3584443072067,4.001786345798084,553.6015346844503,,M
67,67,craigcastro@burgess.com,"65407 Warner Forges Suite 071
New Lori, AZ 30132-2395",OrangeRed,32.80522040097184,11.83547608761428,36.37506610637291,3.439590559550076,469.3108614953106,,M
68,68,ellen24@anthony.com,"PSC 3408, Box 3353
APO AE 05113-1257",LimeGreen,32.43075793005128,11.30623234467358,37.68040322813719,2.779520719273609,408.6201878298378,,F
69,69,davisrobert@hicks-smith.com,"95967 Pitts Burgs
West Sarah, MH 27817-5147",SkyBlue,32.17909997260234,11.18753891087868,40.0051816381019,3.552649767426518,451.575685159493,,M
70,70,walkerlaura@peterson-yates.com,"89154 Jones Stream Suite 311
East Katie, NC 72742-1516",LightGreen,33.15417578832186,11.88749413397166,36.26500069702205,2.602287112032871,444.9665516532926,,F
71,71,marc54@hotmail.com,"Unit 6174 Box 1949
DPO AP 27478",SandyBrown,34.33589583979252,12.2289347111239,36.1571911511149,4.694322274442824,595.8228366992037,,M
72,72,gregoryrussell@yahoo.com,"55436 Devon Plain
West Kendraberg, HI 18826-3623",Teal,32.38625185558597,10.6746534726919,38.00658317947767,3.401522344515509,418.1500810968496,,M
73,73,williamsjohnny@ferguson.info,"51920 Kent Junctions Apt. 352
Walkerport, NY 11257-6647",LightYellow,32.80869759268502,12.81711309028425,37.03153921676629,3.851578800358466,534.7771880994133,,M
74,74,haydenrebecca@gmail.com,"10022 Wilson Orchard Suite 107
Harrisstad, MH 99272",MintCream,33.87974496798125,13.5878060830337,38.26035344266013,3.25811288288828,578.2416050583773,,F
75,75,langmatthew@hotmail.com,"606 Perez Drives
Maryside, CO 94387-5877",DimGray,32.04983939045731,12.23805734998625,38.73086173541955,3.120568914816974,478.7193568742153,,M
76,76,david43@richards.com,"967 Andrew Spurs
Mathistown, CO 28230",Indigo,33.55520742143224,11.55182116621942,36.62883429281177,2.837943164069798,444.2859074976436,,M
77,77,paulkemp@yahoo.com,"PSC 9698, Box 5466
APO AE 75496-3580",LightSalmon,33.14207932732039,11.43337993333446,35.89243163440533,4.470282584120023,544.7798637193825,,M
78,78,fbryant@gmail.com,"284 Jennifer Curve
Lake Hollyberg, IN 05228",GreenYellow,32.59718265981362,10.88956686342798,38.21257083414733,4.442054329011166,488.7860610939056,,M
79,79,kimberlyfrederick@gmail.com,"71299 Jessica Shoals
East Mark, IA 48085-1070",DeepSkyBlue,33.16713687695054,11.92884209386627,36.91463331144087,3.164943995285113,475.759067788328,,M
80,80,sharon82@saunders.info,"873 Clay Flats Apt. 810
Lake Kyle, GU 48782",DarkGreen,31.51473785780198,12.59567130507253,39.6003764658614,3.751734552089051,489.8124879964614,,M
81,81,fishermichael@ramos.com,"565 Duarte Keys Suite 293
Traceytown, IN 17797",LimeGreen,34.59402114954151,10.94725858418518,35.88399438701215,3.159754443950926,462.8976361529081,,M
82,82,ilawson@hotmail.com,"19018 Christopher Neck Apt. 963
Mcintoshchester, IA 66908-2456",DarkGoldenRod,33.50136982210362,13.89808199349707,37.0589128165069,4.130562809236323,596.4301726172283,,M
83,83,shafferdaniel@murphy-harris.info,"USCGC Thomas
FPO AP 43708-2468",Turquoise,32.40237101796123,10.87555954818926,37.78114255999947,1.9140899242311,338.3198626415221,,M
84,84,stevenanderson@yahoo.com,"5401 Holt Corner Apt. 195
Hannahstad, NC 86693-3595",LightGreen,34.65548567957987,10.33807269503854,36.15725594420065,4.396651901097083,533.5149352552407,,M
85,85,richard16@boyer-pratt.com,"4568 Jeffrey Lane Apt. 512
South Jason, WV 78116-0966",LightSteelBlue,31.80930031667919,11.63466821794247,36.18253928235529,5.113319474870622,536.7718993628412,,M
86,86,hyoung@jones.info,"73469 Baker Forest Apt. 550
Allenbury, TX 63791",Cornsilk,33.87777930012253,12.51766628739308,37.15192066097144,2.669941624279581,487.3793060170291,,M
87,87,erik46@hotmail.com,"20711 Martin Harbors Apt. 582
New Justinborough, AK 40834-2664",LemonChiffon,34.44787143648077,10.60772387085909,36.81909551318471,3.366463743372933,473.7289665129948,,M
88,88,rojasmichael@wagner-thomas.com,"7602 Scott Plaza Apt. 158
Lake Amberland, VI 10516-3276",DarkKhaki,31.95630056052337,12.8288933950187,36.95161668424682,4.571213023779052,547.1259317471988,,M
89,89,lance88@briggs.com,"16001 Wilkins Island Suite 852
Jonathanfort, AL 88541-7817",FireBrick,32.6055836415705,12.06881607969177,36.1050004999139,3.917451119136939,505.1133435398579,,M
90,90,anthony09@hotmail.com,"5118 Madden Views Apt. 738
North Barryport, AS 28731-2270",LightSeaGreen,32.49144660312287,12.53035737354288,37.87521910003027,2.476139050596411,449.0703194428044,,M
91,91,audreyjohnson@rosales.com,"USCGC Nicholson
FPO AE 43987-0470",SlateGray,33.61601855259543,13.51628429696285,36.77312349371806,4.125584363255396,611.0000251040717,,F
92,92,beth76@yahoo.com,"4522 Paul Heights Suite 851
Adamsland, RI 08981",Crimson,33.47160052695171,11.66226343120828,36.05024078202619,3.997255377622667,515.8288148548279,,F
93,93,larrywest@davis.com,"21918 Gail Glens
Barbershire, SD 45790-8387",MidnightBlue,33.71065305912268,13.66474787518354,37.72438615760942,1.362674080001384,439.074766741645,,M
94,94,raylopez@hotmail.com,"3600 Amber Plains Suite 002
North Jamesburgh, VA 07917",DarkGoldenRod,32.19772379742183,11.83023109487895,36.63385670229112,4.193324635532072,514.088957746572,,F
95,95,middletonrenee@gmail.com,"71757 David Freeway Apt. 851
West Carriefurt, NC 27106-3364",DarkCyan,32.46121244511541,13.29114304535288,38.63362565158354,3.871003400176416,543.340166256701,,F
96,96,grichardson@ryan.info,"79139 Boone Common
Stewartstad, DE 63633-1812",SteelBlue,33.79038720695213,11.94234086953607,38.06341358683894,4.08180269478151,521.1429518103512,,M
97,97,esmith@gmail.com,"USS Johnson
FPO AE 35617-5384",OldLace,34.18382052058911,13.34991294436653,37.82739422786214,4.252006105620936,614.7153338263417,,M
98,98,michael53@munoz.com,"USNS Mitchell
FPO AP 92946",MediumBlue,32.28866690913895,12.02011209120875,39.07440021133696,3.911708668370663,507.3900617898665,,M
99,99,jacqueline46@mcdonald-smith.biz,"3794 Michael Forest Apt. 750
New Stephenberg, MD 61004-0181",Gray,33.82635200907213,12.08409173081103,35.89035795567322,3.021671821710012,495.2994425473086,,F
100,100,briannasantana@gmail.com,"88978 Noble Crest
North Rosemouth, FM 53484-6689",LightPink,32.49839307472945,13.41075918494055,35.9904889547585,3.184618661620886,518.0645579840107,,F
101,101,mark52@yahoo.com,"82227 Farmer Throughway Suite 266
Leeborough, WV 35324",BlanchedAlmond,31.88540629991176,11.28193107410364,37.38531755277837,2.877224878259828,390.1032729724755,,M
102,102,acampbell@sanchez-velasquez.info,"5791 Jessica Cove
Mckinneyborough, OK 64460-7536",Wheat,32.42569727975086,11.4489015355138,37.58019042917731,2.586967985162477,420.7376732446371,,F
103,103,qgarcia@williams.com,"465 Kenneth Common Apt. 192
North Tracy, WI 36024-8978",Aqua,33.43782956230187,12.59542034638053,36.26203180012439,2.96964022663276,492.1050523891852,,F
104,104,jenniferking@hess.net,"06939 Jones Neck
Mariaview, VT 87641",BlueViolet,31.3895854806644,10.99422391935097,38.07445241970454,3.428859903928013,410.0696110599829,,F
105,105,taylor91@hotmail.com,"3132 Willie Harbor
Kaylafurt, FL 01107",CadetBlue,33.46869994900622,13.08550576006086,35.84582711383271,2.926940235492512,497.5136833293677,,F
106,106,afry@ford.biz,"399 Jeremy Skyway Suite 377
North Keithville, IL 55074",PaleTurquoise,32.29175610026302,12.19047428730903,36.15246208860067,3.781823039343296,494.5518610865726,,M
107,107,amandadean@gmail.com,"66880 Mckinney Hills
Matthewchester, MH 88386",DimGray,32.0637746203137,10.7191497406284,37.71250863884946,3.004742535925674,378.3309069068038,,F
108,108,brenda68@hotmail.com,"0377 Reed Via Apt. 169
Alexandershire, MO 43498",Moccasin,33.15569970295208,12.93155027164799,38.16643555663392,3.854473855602962,570.451725912857,,F
109,109,bakerdrew@gmail.com,"39637 Griffin Plain Suite 691
New Deborahview, MP 73870-3773",Chartreuse,33.35687434475742,13.45212895943564,38.5030088492416,3.318822278930894,549.0082269346927,,M
110,110,connorlambert@yahoo.com,"931 Andrews Heights
South Shelley, NV 21850",Khaki,31.85307480174657,12.14937549157828,37.32533422381935,3.361814624383144,459.285123462352,,M
111,111,tknapp@yahoo.com,"15810 Karl Plain
Davidville, TX 64072",MediumSpringGreen,32.01230076824544,12.17833133399629,37.71598617762173,3.722561172893833,492.9450530659582,,M
112,112,garcialisa@yahoo.com,"46079 Gonzalez Loaf
Williamside, PA 72265",LemonChiffon,32.38845162550533,11.01048213240008,38.41504158153833,3.543547050182998,424.7626355099111,,F
113,113,josephallen@hotmail.com,"3144 Jamie Rest
Maxwellville, NC 93749-1190",PeachPuff,32.65318145878372,11.60253219348616,37.3096887708795,2.789461516374708,422.4267758765091,,M
114,114,hailey18@yahoo.com,"08079 Thompson Village
North Lukeborough, AL 16825",Lime,32.93133644189654,12.73221158845662,35.60082054911087,5.485976734160523,642.1015787311585,,F
115,115,whess@hotmail.com,"29282 Alexander Street
South Andrewmouth, MS 22041",Tomato,33.23560650069386,11.2233688883651,37.69230086128235,2.59418972057778,413.3717831104521,,F
116,116,josesims@hunter.com,"8830 Debra Loaf Apt. 341
Drakeville, ME 22340",SlateBlue,33.92579489547876,12.01102187657459,36.70105231554793,2.753424168758119,479.2310929115931,,M
117,117,dtaylor@webb.com,"18219 Jackson Well
Fosterton, MP 85302",Orange,33.05926409135838,11.72591009784095,35.9990993016087,5.004820577490747,593.0772413447512,,F
118,118,briangonzales@gmail.com,"572 Michelle Motorway Apt. 889
New Craig, ND 17250",Fuchsia,32.40173182735467,12.08930957243735,38.3099078951232,3.873337568743252,506.5473070543516,,M
119,119,jared99@yahoo.com,"PSC 0811, Box 7054
APO AA 91691",GoldenRod,33.88994100692418,13.06863858418243,37.54052035512257,3.79872531905254,571.3074948754644,,M
120,120,qchristian@martinez-allen.com,"26737 Brooks Roads
Vincentstad, VA 93089",GreenYellow,34.56938121869345,12.85499036656409,35.00748225744693,3.292797662575647,576.311177371677,,M
121,121,ngarcia@donaldson.info,"662 Wells Stravenue Apt. 578
South Kristaview, DC 49423-2452",ForestGreen,33.70160519868888,11.56402236806554,37.67321036564864,4.716104987209577,576.8025473995871,,F
122,122,scastillo@hotmail.com,"0922 Gutierrez Loaf
Wattsbury, OH 96315",Moccasin,33.26833021768797,11.11332989740432,37.38794554263559,4.018726609737513,514.239520718957,,M
123,123,joshua56@garcia.com,"38154 Davis Locks
Lake Stevenfort, KY 86814-9222",Indigo,31.35847719243701,12.80988347337812,36.5496679900966,3.637701279515837,495.1759504494754,,M
124,124,richard81@day.org,"7955 Samantha Walk Suite 230
North Luis, IL 44629",SlateBlue,33.01479221522831,11.76117232548311,37.57016384471318,3.834169666632599,514.3365582674007,,M
125,125,jessica97@hotmail.com,"32202 Curtis Branch Apt. 411
Port Brettmouth, KY 01192-0594",Cyan,31.57613197132227,12.57989417361806,37.09326487011031,4.531986606666632,541.2265839893283,,F
126,126,angelaphillips@gmail.com,"102 Karen Court
New Jameston, SC 57761-6570",MintCream,32.65726859477812,11.95792306455411,36.63465232853774,4.106055151602658,516.8315566841785,,F
127,127,donald67@harrison.com,"9759 Tammy Skyway Apt. 171
Lake Debra, AS 95011",Lime,34.70932329613159,10.65179378347417,37.14600652898046,3.218265385097856,468.4457372274064,,M
128,128,zmalone@yahoo.com,"PSC 6717, Box 7673
APO AE 66950-0088",Moccasin,34.5366591798774,12.75207661096469,36.71413783923341,3.283663455404016,548.2803201983364,,M
129,129,rlindsey@norris.com,"581 Smith Prairie Suite 995
Andersontown, AS 58802",Green,32.771715009701,11.54083243615106,37.52642102779244,2.924020724598205,431.6177337614297,,F
130,130,lewisgabrielle@hotmail.com,"422 Rivers Springs Suite 221
North Barbara, WI 51990-7596",LightSkyBlue,33.70040045682241,11.92439492328002,37.24503246996753,3.90525030898213,552.9403454501057,,F
131,131,kristina69@gmail.com,"2859 Rodriguez Forks
Port Josephtown, OH 13591-3011",BlueViolet,32.43977025334846,12.4241304114395,38.94882502753235,4.920318406118319,573.3062222574563,,F
132,132,krista86@norton.net,"0537 Rice Village
West Kylieberg, NJ 19433-5090",Azure,34.31216699740784,11.81058676457817,37.41413357473937,2.473596120847858,452.627254995083,,F
133,133,chelsea05@hansen.com,"7182 Stephen Fork Suite 150
Port Laurachester, CO 99974-1961",LightGray,32.45517628513712,12.75916897876209,36.59911235429438,4.131276648377655,542.7115581025776,,F
134,134,jill33@allen.com,"459 Amy Burg
Lake Travis, OR 53314",DarkCyan,33.54097679178224,11.85189083494272,37.42454792226391,1.76773070759424,407.8040306356823,,F
135,135,welchashlee@hotmail.com,"PSC 8159, Box 3254
APO AP 71071-4890",GreenYellow,33.35839828142421,12.70368792886871,36.10091445210865,2.72410820200549,482.3535703213531,,F
136,136,dawnlewis@watkins.org,"623 Erica Flat
Lake Josephland, MT 73514",Crimson,32.68612925611517,12.21525242490249,36.59436168489157,3.897115859957253,529.2300901235094,,M
137,137,ashleychristopher@gmail.com,"9271 Christopher Prairie
Douglasshire, NM 18581",MediumOrchid,34.55829460914448,11.28144500356714,36.4944064828881,2.491671541288354,433.0487690958266,,M
138,138,acontreras@hotmail.com,"88995 Edwards Row Suite 456
North Jo, DE 02062-7953",Sienna,33.5477479443078,10.73536291798506,37.45837473122323,3.863425442205034,476.1914133494556,,M
139,139,alvaradoadam@jones-thompson.com,"35970 Holly Key
Port Frank, VT 78059-9385",Aquamarine,31.95490385663484,10.96313177605483,37.3272826898795,3.578633900393988,439.997879939927,,F
140,140,thomasgeorge@gonzalez-grant.com,"93306 Donald Greens
New Christopherbury, SC 59447",FloralWhite,31.0662181616376,11.7350945490137,36.59937399114725,3.958892264366097,448.9332932076743,,M
141,141,solischristina@gmail.com,"43102 Russo View Suite 717
Hollyport, SC 15344",SlateBlue,31.85125312860837,12.41896198100501,35.97765170714366,3.251741770306888,472.9922466667984,,F
142,142,jacksonboone@rubio.com,"973 Marc Ports
Brownstad, IN 48786-6700",Sienna,32.6092826356404,10.53730753784088,35.73055240228659,3.914384667246393,463.9235129903258,,M
143,143,kaitlyn78@chang.com,"978 Bean Square
Deanburgh, OR 95149",LimeGreen,32.11511906601424,11.91924239793917,39.29404346247573,1.443515074651545,350.0582001638451,,F
144,144,francisgeorge@thomas.org,"27563 Vincent Lake
Allenchester, DC 22159",Teal,33.92462480951207,11.91141555687985,38.27470219571763,2.910037916541069,460.0612773912433,,M
145,145,linda90@yoder.org,"979 Alison Motorway Apt. 676
North Frank, HI 55870-2651",WhiteSmoke,33.47719040300331,12.48806700205303,36.51838358912681,3.345570975842243,505.7711403229565,,F
146,146,david79@lopez-montes.com,"969 William Manor
West Sherry, MA 66282-2258",Purple,32.11640012092816,12.38069497955298,37.23200330765404,3.08952778227001,463.484995404266,,M
147,147,micheleblanchard@lopez-greene.com,"555 Hunt Track Suite 307
South Kristi, PA 73709",SlateGray,32.25590120444978,10.4805068326945,37.33866962178549,4.514122441132637,479.7319376453045,,F
148,148,pmercado@rodriguez.com,"811 Maria Run
Sanchezville, MI 04953",LightPink,32.69239221858063,12.29651768073374,36.95155521050133,1.825884669026143,424.1854942888863,,M
149,149,james30@carter.biz,"3604 Richard Junctions Suite 448
Brownburgh, CO 64856-8238",LimeGreen,32.38473265900513,10.86160419912899,36.58443762175811,3.993656512525085,465.8893127108669,,F
150,150,parkerkayla@miles.com,"170 Andrew Mews
North Susan, NM 85338-2426",DarkSlateBlue,34.3387293850918,10.71635514006157,38.3072040068692,2.652158304851241,426.7752159856604,,F
151,151,alicia85@lee.com,"14220 Carla Flat Suite 521
Lake Matthew, DE 06183",DimGray,32.88710464561531,12.38718417355484,37.43115909832611,6.401228837806773,684.1634310159513,,F
152,152,dominguezjacob@hotmail.com,"8594 Erica Manors Apt. 529
Lake Miguel, MH 10652-9266",CornflowerBlue,32.51021799444433,10.98483588818616,37.39649747533205,5.391275125020632,555.8925953881737,,M
153,153,ebrown@osborne.com,"4291 Nichols Fork Apt. 562
Thomaschester, SC 08938-8769",DarkSlateGray,31.94539574834452,12.96576147951222,36.96638889642577,6.076653638440144,657.019923937652,,M
154,154,nathan86@hotmail.com,"748 Michael Plaza
West Billyside, UT 20799",MidnightBlue,36.13966248879052,12.05026723438051,36.95964319393419,3.864860739234278,595.8038188761142,,M
155,155,aaron11@luna.com,"672 Jesus Roads Apt. 443
Thompsonland, WY 69228",LightSkyBlue,32.44952156114242,13.45772494051235,37.23880567308968,2.941410754428091,503.9783790525795,,M
156,156,fsnow@ellis.com,"0272 Jones Way
Lake Angela, MP 97003-5793",MediumBlue,32.29464154956504,12.44304789043987,37.32784803784372,5.084861308602489,586.1558701804728,,F
157,157,asilva@yahoo.com,"USNV Johnson
FPO AP 19026",Wheat,34.60331111938746,12.20729849105079,33.91384724758464,6.922689335035807,744.2218671047146,,F
158,158,casey21@johnson.com,"691 Johnson Field Apt. 510
Michaelville, VI 78140",SpringGreen,33.5985203185533,11.58631952918123,39.09462702670515,3.604398560256949,512.8253581285203,,F
159,159,campbellross@yahoo.com,"6218 Michael Station Apt. 982
Salazarburgh, NJ 79955",DarkRed,34.56868084571511,11.37808708777338,38.30447119170778,3.784932110130406,528.2238093680072,,M
160,160,blevinseric@stephens.com,"PSC 3676, Box 1549
APO AE 26130-7683",Orange,32.83810016055479,12.3643416044552,38.03910938707497,3.30918232804298,468.9135013219844,,M
161,161,stevenking@patterson.com,"94730 Martin Mount
New Matthew, VI 08142-6708",LightGray,33.50370517913956,12.39943607514709,35.01280603355904,0.9686221157417688,357.591439415086,,M
162,162,samuel94@hotmail.com,"5480 Vazquez Crossing Suite 825
East Christopherland, PA 42104",DarkViolet,33.30188161463884,12.54248105078634,38.31136489758187,3.768561962709896,536.4231045259343,,M
163,163,johnsonpaul@keller-woodard.org,"USCGC Dodson
FPO AA 87781-3935",LimeGreen,30.8794843441275,13.28043224292211,36.93615937845674,3.585160635161344,490.2065999848546,,M
164,164,twilliams@gibbs.net,"Unit 6678 Box 6628
DPO AP 44369",CadetBlue,33.15425475700075,11.79588667688911,37.65861690944284,4.520353377496559,550.0475805761635,,M
165,165,teresapacheco@salinas.biz,"75805 Larry Mills
East Cristian, MH 53820",DarkMagenta,32.04780097886789,12.71803917452566,37.66110668399285,3.675848800018441,513.4505711860965,,F
166,166,allison80@carson-hansen.com,"04311 Oconnor Park Apt. 415
Kelleystad, ND 63064-8935",ForestGreen,33.63080076787103,12.03964784078724,38.9240870506292,2.873007508505152,497.8119300055205,,F
167,167,turnerryan@hotmail.com,"770 Lewis Pike Apt. 869
Phelpsport, PA 93969-4887",LightSkyBlue,34.04663802802127,12.47445545392284,35.03785615944759,4.055775961742958,578.9862585804898,,M
168,168,walkererica@scott.com,"86536 Barnes Track
South Kyle, MT 21570-5606",MediumAquaMarine,33.64417700044054,13.16002004028603,36.4077474507818,3.015175298743708,506.5363931400864,,F
169,169,mark94@yahoo.com,"586 Timothy Union Suite 592
East Joseph, MO 81374",Salmon,32.65462160732388,11.05232365330669,37.63300941664362,4.717102512825834,501.7492333083923,,M
170,170,daniellecuevas@hotmail.com,"9287 Daniel Rest Apt. 608
Allentown, SD 73050",LavenderBlush,33.42874704259606,10.63676108369655,37.57883524203316,2.926396448726688,421.9667941858673,,F
171,171,gbarnes@gmail.com,"8667 Suzanne Motorway Suite 241
Spencechester, KY 74385-4618",Green,31.86483254809873,13.44340598514625,36.87831536782346,2.361086946869883,439.8912804768136,,M
172,172,cody68@hotmail.com,"374 Dana Junctions
Langside, WI 36474",SpringGreen,34.48238804881123,13.28303286832567,35.90729842685246,4.968742673728142,666.125591725772,,M
173,173,fischermonica@gmail.com,"9847 Michael Plaza Suite 837
Lake Christophershire, NV 87324-8427",Navy,32.52976873147443,11.74773170124218,36.93988205032054,0.8015157200042076,298.7620078618077,,F
174,174,brenda25@gmail.com,"353 Jones Loaf Apt. 767
South Michaelburgh, PR 16281-4840",OliveDrab,33.43223139626271,10.85960853315271,38.83567008085342,3.669225611315444,465.1766233052969,,F
175,175,david58@yahoo.com,"6058 Thomas Divide
Matthewland, PA 89442-8198",LightSalmon,33.30857161628053,11.69168612582635,37.48091197626707,1.715777166553115,373.8857236969501,,M
176,176,clifford76@johnson.com,"8032 Hodge Circle Apt. 255
Lake Jessicashire, OR 54914",RosyBrown,32.33263706834172,11.54876143977676,38.57651554990162,4.773503047345896,532.7174856761748,,M
177,177,jacquelinehughes@bennett-branch.info,"601 Ashley Loop Suite 162
Port Benjaminview, DE 02456",DeepPink,34.71345123397026,11.72400223179126,36.81385766052378,4.087837272921703,554.9007830202702,,F
178,178,victoria53@hotmail.com,"16329 Sara Neck Apt. 463
Bryanside, TX 62329",Pink,32.63587799818993,12.17857308088585,35.6742560274292,4.131755039569861,537.7731625414566,,F
179,179,cunninghamkyle@ellis-parker.org,"449 Williamson Lakes Apt. 118
Travisville, AK 06848-0177",LightGreen,33.07570303157222,12.31984506206667,37.81915511227683,3.442799202001686,501.100245232053,,M
180,180,jjones@yahoo.com,"047 Carla Locks
Coreymouth, AR 98066",GreenYellow,32.23014911593311,11.08436083674051,37.9596843202141,4.724027439824315,517.1651355939779,,M
181,181,michaelferguson@torres-miles.net,"757 Amber Gateway Apt. 787
New Stephaniechester, OR 61576-6056",Sienna,34.14286337287071,13.1777745337738,38.85604170811195,3.230973843287556,557.5292736134538,,M
182,182,crawforderik@price.org,"5183 Michael Ramp
East Lukeburgh, FL 93972",DarkKhaki,32.4971984614607,12.83280283696812,37.67924462448078,2.972271382079821,493.719192978176,,F
183,183,jlawson@mccarthy.com,"0127 Morgan Fields Apt. 080
Thompsonfurt, ME 01160-7043",LightGray,33.12239998431699,11.5090479968172,37.25305774145061,3.182329731786818,452.1226250857849,,M
184,184,marshchristopher@zimmerman-villegas.com,"667 Stephanie Lake Apt. 658
Marthashire, NC 11815-2307",DarkRed,33.08852936621152,11.85766344472502,36.0869343253416,4.806349618785283,577.2734549822936,,M
185,185,oolson@collins.com,"07867 Horn Lake
West Teresatown, VT 64387-1228",Aqua,32.53379686092211,12.29336583834663,37.06462119956545,3.6203649883552,485.9231305248517,,M
186,186,isaiahcampbell@yahoo.com,"55414 Ramirez Union Apt. 614
West Crystal, CA 03845-2631",Red,32.48426048276214,10.93325227854703,36.54550622682937,3.261324744787093,425.7450920310528,,M
187,187,kcannon@alvarez-cline.info,"55479 Peters Field Apt. 702
North Micheleberg, PR 45063",Lavender,32.5434591695977,13.3328392844564,37.9643903317759,3.597459968849926,537.2150526997326,,M
188,188,nielsencarmen@harrell.net,"2491 Yates Crest Suite 316
Connieville, FL 92080-0819",DeepPink,32.28312306113335,10.90255622701977,36.09424195284947,4.789201624179895,524.6379646141049,,F
189,189,efreeman@moore.com,"223 Powell Ridges
East Richardtown, RI 90715-2178",White,32.20079864396531,12.27698171274197,38.23260622710401,3.316464744702911,478.8853913201482,,M
190,190,roblessarah@hotmail.com,"022 Taylor Mews Suite 692
Hallberg, NJ 53614",MediumSeaGreen,34.71331650656199,12.03880823986655,37.63529940965426,4.632460945972205,612.3852298963607,,F
191,191,christopherhaas@gmail.com,"56674 Melanie Flats
Schneiderberg, IN 66532",MediumPurple,32.71251232693568,11.72447385683461,37.15315160406014,3.308443000674604,476.7667241547634,,M
192,192,ethomas@yahoo.com,"1279 Douglas Mountains
Port Christopherberg, RI 32811-8325",LightGreen,33.69489765096749,11.20266989973557,35.49396408005127,4.015986640445781,505.1196375282037,,M
193,193,wevans@gmail.com,"222 Jason Park
Dominguezshire, NC 98241",Tan,31.57020082932026,13.37806332889363,36.33780003116479,4.369366793790984,545.9454921414049,,M
194,194,patrickorr@yahoo.com,"6009 Heather Park
Howardhaven, SD 51705-2993",LawnGreen,33.45947684896434,11.38861261864104,37.90913871755985,2.56663984381683,434.0216997527185,,M
195,195,mary84@edwards.com,"19123 Craig Isle Apt. 719
Millsmouth, SC 94194",LightSkyBlue,31.82099820167207,10.77107406259959,37.2786397937076,3.519032433953922,424.6752810132133,,F
196,196,longwilliam@gmail.com,"16068 Kelly Parks
Wrightside, NH 21447",BurlyWood,32.73322416398153,11.818571762285,37.1020313268591,1.503854421225295,352.5501081630003,,M
197,197,lisagutierrez@johnson-herring.net,"89300 Amber Centers Apt. 879
Victoriaton, VT 98394",Peru,32.40714829999668,13.80879867510596,37.42676891745393,5.039955263662929,662.9610878058954,,F
198,198,david81@hotmail.com,"1576 Lane Shoal
Rogerton, PR 63867-3426",Thistle,33.50609228130936,11.65983284087144,37.28139282998597,4.47871260846301,560.5601606242603,,M
199,199,jacksonking@mccormick.com,"120 Micheal Fort Apt. 762
East Patrickbury, WY 65946",DarkMagenta,30.83643267477343,13.10010953854281,35.90772142967966,3.361612984538193,467.5019004269896,,M
200,200,jessica04@christian-riley.com,"338 Graham Loaf Suite 236
East Toddton, FM 43566-4238",LemonChiffon,34.87849495417028,13.06789568499953,36.67822227440393,1.920715478175647,504.8704323933724,,F
201,201,simmonsmartin@hardy.com,"2302 Joshua Park
Millerbury, WA 30239-8144",MediumVioletRed,34.00721197222165,12.49432293326939,36.04545942048616,4.330714461860564,590.56271964715,,M
202,202,michellejohnson@sanders-rodriguez.com,"70562 Gonzalez Stravenue
Elizabethland, WI 40700-9149",Teal,31.52575241696821,11.34003593197881,37.03951365322458,3.811248170807232,443.9656268098819,,F
203,203,tylerhernandez@barton.info,"7613 Miguel Knoll Suite 762
West Katherine, WV 19406",SlateGray,31.04722213948752,11.19966096230045,38.68870909942437,3.088763957531576,392.4973991890214,,M
204,204,connerjoseph@gmail.com,"981 David Square
New Jacquelinetown, AK 66018-4092",Turquoise,34.59577669439264,11.33248777809417,35.45986279714474,4.541695256706066,568.7175759305223,,M
205,205,jeffrey54@mcdonald-williams.com,"297 Francis Valley
South Lindsey, NY 13669-5367",Gainsboro,34.96760988717724,13.91949439608817,37.95201318688309,5.066696864020983,712.3963268096636,,M
206,206,hevans@kelly-nunez.org,"Unit 4065 Box 2267
DPO AE 69180-7372",Orchid,32.29524762622046,11.03135834040919,38.25297827333466,3.107468682707462,413.2959991810297,,M
207,207,lewiskendra@yahoo.com,"988 Matthew Plaza
Lake Jacobshire, AL 37889",Yellow,33.3242405218497,11.08458408642187,36.77601657686874,4.74698970293514,562.0820453929382,,F
208,208,freemantina@cannon.org,"870 Dennis Throughway
Wilsonport, PW 12658",AntiqueWhite,32.90345433301422,10.54264542398311,35.53386350026307,3.091826869545788,412.012931298847,,F
209,209,wagnerbrian@hotmail.com,"50593 Wells Roads Apt. 110
South Amy, MI 06969-2026",AliceBlue,32.55949313011333,11.79779551488024,37.77736579677647,3.195625776371989,468.6684655991273,,M
210,210,melissa08@nelson.com,"15863 Harrington Glens Suite 012
Marystad, LA 50652-8210",Tomato,31.76561882104241,12.44261654829463,38.13171202563648,3.850279639096426,496.5540816356071,,F
211,211,karina59@gmail.com,"9580 Clark Trail Suite 687
Williamsside, FM 57367",PapayaWhip,34.08164619679617,12.10454242806269,36.05964597986499,3.974522480483529,548.5185292758069,,F
212,212,baldwinbryan@estrada-silva.biz,"1470 Kathleen Pass
South Christopherberg, SD 22850",MediumSeaGreen,33.304431285296,12.37849022280867,38.76429717446252,3.843848921495288,536.1308968550214,,M
213,213,audreyguerrero@carey.com,"1995 Susan Locks Suite 760
East Cheryl, AR 37103-5176",BlueViolet,34.33075044367848,13.72245367622996,35.77311639124682,2.909008460485079,558.4272571753238,,F
214,214,drew29@hotmail.com,"20888 Erin Via
Grahamville, NH 72913-6101",Tomato,32.07894757956938,12.72590932359396,36.54466409871873,1.139093538424574,357.8637186383917,,M
215,215,michael00@yahoo.com,"03065 Henry Courts Suite 443
Derekstad, VT 88473",DarkSlateGray,33.60579899891236,13.68511889962359,34.89198326749108,2.685284836109078,529.0566631985306,,M
216,216,jgray@khan-allen.com,"1416 Rachel Crescent
West Laurieside, IL 81119-7229",Gold,32.74515048083576,10.01258336622302,38.35495987026449,3.108911449181274,387.3570727364219,,M
217,217,bushsusan@hotmail.com,"20618 David Square
Gayland, HI 78719-9628",Moccasin,32.12236479579778,11.43553387430032,36.22355746230224,4.852842407156433,528.9336185650203,,F
218,218,charris@gmail.com,"2781 Matthew Wells Apt. 569
Potterview, KS 50763-8282",MediumSeaGreen,32.53082944110282,12.35460708175986,37.12234520816764,2.30755242118396,420.9161595326929,,M
219,219,longphillip@yahoo.com,"13044 Woods Heights
Andreamouth, ND 52317-6007",LightGreen,31.73663568605028,10.7485336554158,35.73870747121452,4.83552866742221,496.9334462555319,,M
220,220,madisonalexander@gmail.com,"791 Allen Trafficway Suite 776
Christopherland, DC 41460",Orange,34.11756669418932,11.59187166512224,37.7436196995499,3.678589398953998,519.372976801355,,F
221,221,mfoster@brown-white.com,"36192 Ho Spring
New Michael, RI 65851-6369",Cyan,33.63662445812838,11.23650675875403,37.67502073290805,5.254708925941115,591.4377355684503,,M
222,222,sanchezkara@hotmail.com,"40494 Robert Park
Heatherside, IL 70364",SlateBlue,34.33486453305801,11.10945633316843,38.58585475733265,3.892891480211255,502.4097853029053,,F
223,223,floresbradley@hotmail.com,"446 Daniel Rest Suite 644
Port Matthewhaven, MN 89465",BlanchedAlmond,34.81498394372885,12.1149449551949,36.28872395038688,4.389455226416517,604.3348400688554,,M
224,224,lamryan@curtis-garcia.net,"96393 Joshua Rapids
Jonesview, VA 58733",LavenderBlush,34.6426697580922,11.8664812051817,37.71777057005867,4.003325039023281,555.068394054576,,M
225,225,alexandra26@summers-davis.com,"Unit 7032 Box 7016
DPO AE 44749-2992",Navy,32.83694076702139,10.25654903128796,36.14390845634163,0.7895199078816915,256.6705822900558,,F
226,226,ocortez@gmail.com,"4800 Ashley Spur Apt. 347
Dannyfort, GA 23352",MediumBlue,32.29964716350497,12.16859647286056,37.07361617219566,4.403369830866465,547.1109823629461,,M
227,227,melinda39@morton.info,"13693 Cox Falls Apt. 693
Padillaview, PW 28998-0386",Moccasin,31.94801742116136,13.08535689236879,37.60565280041329,2.648596770203317,461.9208768928979,,F
228,228,lisa94@jackson.com,"40288 Stephens Corner Apt. 221
West Stephanie, OK 55617-4332",CadetBlue,32.72731919612472,13.01337562734965,36.65127791701514,2.367848224385222,458.3769106506301,,F
229,229,lucastaylor@yahoo.com,"63872 Chavez Lodge
Danielton, NJ 85847",MediumTurquoise,33.94624061993669,10.9839767277944,37.9514894585739,3.050712973218017,436.2834981467513,,F
230,230,apark@walsh-obrien.net,"28942 Bradford Crescent
New Morganfurt, MD 77162-0478",DarkGreen,32.35147815076609,13.10515852230725,35.57484166706179,3.641497161540088,532.9352188376637,,M
231,231,dominguezmaria@gmail.com,"1768 Rosales Ford Apt. 793
Lake Markbury, SC 31567",RoyalBlue,34.17375202367658,12.14474853670486,37.25803145871123,3.397363092819078,512.5525343564015,,F
232,232,jimmy11@hardin.com,"496 Bush Turnpike Apt. 674
Donnabury, OR 32596-0079",DarkGoldenRod,32.97518182625784,13.90991551102909,37.79223754313027,4.297686524285517,630.4227632299235,,M
233,233,patriciajackson@jenkins.info,"981 Matthew Valley Apt. 621
Lake Tracyburgh, NM 33288-1364",Thistle,32.00475302036483,11.39520943444089,37.33281445580523,3.803364999065175,463.7459811206294,,F
234,234,rayvanessa@fischer.com,"2583 Mark Springs
Lake Robert, AL 40928",White,34.19705969450868,13.03356618268719,37.07679515601331,2.633419988717444,493.18021624931,,F
235,235,gharrison@davis.com,"04140 Cameron Brooks Apt. 724
South Laurenberg, HI 08562",MediumSpringGreen,33.17720466606038,11.62277717303112,35.96889569049678,3.634093727357596,501.2091726816533,,M
236,236,alexandermichael@hotmail.com,"2086 Lisa View
Ortegabury, MI 43544",WhiteSmoke,32.69323953887129,12.60075040156393,37.37011822360151,3.467014066009709,501.9282648732441,,M
237,237,christopher66@hotmail.com,"388 Kelly Pike
West Jeffery, DE 44039-7785",BurlyWood,31.62536013483061,13.18791098515936,37.06708996741924,1.494310895199507,376.3369007569242,,M
238,238,archeremily@baldwin.com,"USCGC Hernandez
FPO AE 53064",YellowGreen,31.26064686987952,13.2667603529445,36.97119509745716,2.267251114447051,421.3266312569514,,F
239,239,hornesteven@gmail.com,"91425 Roy Trail
Rivaston, NE 34949-2588",White,31.72076990028731,11.75234317185005,38.57360522634684,5.023934200606659,538.774933478023,,F
240,240,william28@gmail.com,"16763 Melissa Creek Suite 367
North Keithland, PW 29458",Cyan,32.92261075834941,11.56811634209842,36.90937820695247,2.471750669720034,398.163468533652,,M
241,241,karenosborne@yahoo.com,"81814 Pratt Squares Suite 460
North Robert, GU 77741-1307",SlateBlue,32.68624509039022,12.63857212219212,36.097220934711,4.297737481971207,571.4710341154246,,F
242,242,chansen@holt.com,"2380 Fisher Neck Suite 233
Brianland, AZ 34453-0625",LightSkyBlue,34.05094675856064,11.38864457517145,39.08156474568163,2.436958875786464,451.6286105401996,,M
243,243,hallthomas@lane.com,"22630 Bell Centers Suite 030
North Danielport, FM 31756",DarkTurquoise,32.45455253755107,11.82298329832392,36.94612578169275,3.656983926688144,490.6004425003995,,M
244,244,taylorkimberly@yahoo.com,"0030 Mathis Square Suite 154
South Jadehaven, AR 33997-4450",Gainsboro,31.28344747605816,12.72567736722299,35.96566746423624,5.000243360514445,591.7810894256675,,F
245,245,clester@yahoo.com,"76778 Underwood Knoll
New Gregory, ID 57323",LightCyan,32.98002919845364,11.20115976600319,37.68933697894965,2.412830960970926,409.0704720533178,,M
246,246,pvega@hotmail.com,"61629 Johnson Underpass
New Eric, MI 92352-5044",LightCoral,31.90962682752274,11.34726361146273,36.32365246819823,5.314354141170213,563.4460356732392,,F
247,247,vmartin@yahoo.com,"30242 Rubio Forest
Port Kyleland, VA 18339-5779",Turquoise,34.40240964824356,14.22097910816734,37.52319665049046,4.077775098010425,647.6194557251926,,M
248,248,andreperez@hotmail.com,"17463 George Ports
East Julianborough, WY 68291",DarkOliveGreen,32.95976431107423,11.54627575951036,36.94795369284557,3.275070681309533,448.3404250110477,,F
249,249,anntaylor@hotmail.com,"PSC 1634, Box 8167
APO AA 49814",Teal,33.78015676329505,11.91763618310149,36.84473381504451,3.634996006306897,518.7864830920807,,F
250,250,hickmanelizabeth@yahoo.com,"12641 Greer Track Apt. 183
North Mitchell, IA 77991-6276",DeepPink,32.6729435250038,12.27605698446321,37.19279353222784,3.982471513107057,523.6339351357243,,F
251,251,halljohn@yahoo.com,"311 Savannah Ramp Suite 245
Carlsonbury, LA 08453-6035",MediumTurquoise,32.72852076313786,10.13171246192722,34.84561239331277,3.287701824074408,393.8573709860865,,M
252,252,cohensean@yahoo.com,"3751 Green Loaf
New Julia, VT 20897",DarkCyan,33.40992258786484,12.02694222261563,36.13389429009422,2.31334988458064,426.154547713103,,M
253,253,jmartinez@anderson.org,"14889 Page Prairie
Dennisville, NV 27982-4210",PeachPuff,31.72420252384518,13.17228749526306,36.19975347391624,3.557813698186695,503.3878872879605,,M
254,254,cbrady@gonzalez-miller.com,"193 Ashley Plaza Suite 706
Hernandezport, WV 71270-7338",Aqua,32.71111929929533,12.32629138547688,36.67387835766538,3.350279287544909,482.6024673294826,,M
255,255,pkline@hotmail.com,"PSC 6338, Box 7637
APO AA 22066",MediumTurquoise,33.1366552476793,13.89131342177849,39.22071295098572,2.907094934822027,524.7976275698039,,F
256,256,martha91@garrison.net,"360 Albert Spring
South Tylerbury, VA 92641-9077",HotPink,34.37939438496412,12.93092854130823,36.36024719793431,3.792711955151589,574.6548433659395,,F
257,257,maureenlopez@gmail.com,"82537 Alice Centers
Gregland, OR 71749",SeaShell,35.53090414589862,11.37925718240022,36.63610411908917,4.029453828152192,574.7472196620896,,F
258,258,russellbaldwin@ferrell.info,"295 Michael Keys Apt. 706
Ericfurt, KS 09476",Orange,33.24726795047748,14.069382336484,38.99332245115573,4.978475793470261,660.4251842914138,,M
259,259,amandastanley@yahoo.com,"38528 Jerry Valleys Suite 027
Jonesstad, NY 74787-2691",CadetBlue,32.09610899384518,10.80489055764167,37.37276214632111,2.699562054972268,375.3984554102431,,F
260,260,george02@hotmail.com,"3286 Lynch Field
Henrychester, RI 41833-7902",LightCoral,35.03928306490972,14.42649105042262,37.37418350489759,3.93061532661329,640.1877400085721,,M
261,261,swilliams@ball-arroyo.com,"450 Samantha Valleys
Collinsborough, KS 37205-9891",Orchid,32.55052657442161,13.04124458816226,36.65520808395947,3.456233823526301,514.0098178487356,,M
262,262,taylorjared@foster.net,"601 Mitchell Estates Suite 922
Port Daniel, WV 83595",Crimson,32.58249357081853,11.73974379616599,36.85481082475086,2.182016969823389,376.496840718537,,M
263,263,keith13@yahoo.com,"81830 Katie Squares
Port Austinland, FL 73522-0761",LightGoldenRodYellow,33.29698192462649,12.49105873801881,38.23894085309139,2.709526626929276,484.5198091105511,,M
264,264,schmidtdenise@hotmail.com,"06392 Matthew Viaduct Suite 000
Lake Ronald, NY 45787-0181",DarkGoldenRod,33.108336148346,12.89237451365369,36.52738830431376,4.594116864603191,614.7296376283244,,F
265,265,jasmin20@salas.com,"634 Nancy Shoals Suite 241
South Barry, AR 52307",HotPink,33.90271779446392,11.66886651455386,37.34126616101072,4.25698328967803,567.4750105270774,,F
266,266,christophermorrison@mcguire-carter.biz,"90089 Eric Well
Nicoleside, MT 95918",Blue,34.55528258670921,11.77777203956496,37.97982686004657,3.784273087078304,554.003093429799,,M
267,267,deborah51@yahoo.com,"4190 Shelton Harbors
North Christopher, RI 60962",Violet,33.73264839262621,12.13879387712169,36.85388245992078,1.62341960945622,399.9838715981226,,F
268,268,melindahartman@gmail.com,"3761 Jared Mountain
Nicholasport, WY 51181",Pink,31.60051220030329,12.22296744654606,36.8227532265912,3.414506240305249,479.1728514910969,,F
269,269,sharper@yahoo.com,"239 Bush Fall Apt. 906
Riveraville, KY 88906-3319",SandyBrown,34.3189274385422,13.40233189692828,37.29204470528371,3.606086888908173,585.9318442972224,,F
270,270,jessicabrewer@simmons.net,"5052 Mccoy Passage Apt. 328
Teresaport, FM 97139",LightBlue,34.00648891839723,12.95627660543224,38.65509453852206,3.275733705185027,540.9957391083377,,F
271,271,beckycarson@jones-brown.biz,"78787 Mitchell Lights
Matthewville, AZ 30310-0130",Gold,33.54047906012372,12.88412462134477,36.22604169397467,5.007271986589903,628.0478039330167,,F
272,272,jennifer24@hotmail.com,"46954 Melissa Corner
North Amanda, LA 34844",SteelBlue,34.43642583784763,13.32546909613863,36.76860309148005,3.37125811322392,582.4919237338106,,F
273,273,jeremy00@yahoo.com,"45442 Barber Key Apt. 882
South Jaclyn, NM 24367-3001",FloralWhite,33.55169913754013,12.15858523387948,36.57513377612486,5.453969474611709,640.7861663983061,,M
274,274,wellsjuan@schroeder.com,"0338 Francis Junction
Lake Alexstad, NH 14302",Green,31.81861656676906,11.22654566351062,35.66993516595819,3.755869389262966,446.4186733701357,,M
275,275,gregorystewart@hotmail.com,"232 John Haven Suite 456
Johnsonhaven, VT 90106-0173",PaleGoldenRod,32.36312129411639,12.46113543500673,37.74560774187829,4.664258497238649,570.6300980875259,,M
276,276,tammyjones@griffin.com,"0859 Audrey Isle
South Zachary, AS 09138",Navy,33.19157088444496,9.846124908736233,36.87631323341731,3.806670948562993,423.3083340974698,,F
277,277,djohnson@hotmail.com,"5358 Stephen Parkway Suite 894
Kimview, MN 17436-4528",Coral,32.19249882778649,13.32541218598226,36.89729460906869,5.049927474652407,616.6602860166826,,M
278,278,kenneth27@smith.com,"721 Robert Viaduct Apt. 052
Lake Olivia, MO 93807",DarkGreen,32.60790271932764,13.67724584152379,37.74469969514907,2.871947536151015,530.3624688854229,,M
279,279,johnathan33@yahoo.com,"836 Amy Villages
Hannahside, RI 09207-2616",LightSteelBlue,32.26200310699493,11.6449695463993,37.02687697079434,3.236732814250531,442.3631173838644,,M
280,280,carrillojacob@perry-larsen.com,"909 Hicks Mountains
Gabriellaport, MD 33121",Aquamarine,32.27184828087499,13.48500898807706,37.55088041321525,3.086337272317325,511.9798599920658,,M
281,281,greenelizabeth@edwards.com,"54051 Jenkins View
East Danielshire, IN 32905-7784",DarkViolet,33.79512493081247,11.62099650757521,38.4194685327455,4.559699083258959,560.4437921717631,,F
282,282,denisemorrow@johnson-james.net,"24458 Hudson Square
Hallside, PA 68038",MediumSpringGreen,31.65480967569276,13.01445915235521,37.78903634703419,3.01020977796095,475.2634237275485,,F
283,283,wandaphillips@leonard.com,"149 Monica Vista Apt. 908
Jasonberg, TX 19632-8886",OliveDrab,33.07773079450243,11.46698421909283,35.67572763082013,1.80922959177631,374.2696745439231,,F
284,284,zachary94@gmail.com,"99902 Scott Road
Joyton, MT 46760-7400",Purple,31.31234959944434,11.6849041923675,38.71707629773135,3.594295099901167,463.5914180279406,,M
285,285,ppowell@gmail.com,"74260 Carly Mews Suite 703
Jonesberg, OR 39594",BlueViolet,32.87273861448019,12.09396635537946,36.62077385548951,3.049195743789432,471.602884392892,,M
286,286,bhill@pierce-kane.info,"3324 Branch Squares Suite 221
Riddleton, OK 34594",RoyalBlue,33.708153408093,14.32565494330925,35.7218273299056,3.634340224073441,626.018672655394,,M
287,287,matthewgraves@mills-shaffer.com,"66636 Jason Parkway
Kellyside, NV 67033",DarkSeaGreen,33.90856503172837,12.91484663458912,39.06886445133981,1.482359643964978,432.4720612514158,,M
288,288,nwagner@yahoo.com,"Unit 2079 Box 7792
DPO AP 47668",AntiqueWhite,32.3129097459431,9.8244017703894,35.74277912557426,2.921350140816143,356.6155678900057,,M
289,289,jamesfaulkner@hoffman-wolfe.org,"Unit 0474 Box 0661
DPO AP 48938-3469",Blue,34.39432664844986,12.80775183323473,38.55103028983871,1.81007987641203,467.4278485003528,,M
290,290,phillipscarrie@gmail.com,"625 Andrew Locks
Madisonside, AZ 74068",FloralWhite,32.42330472721988,13.05827792714326,37.26387556144864,3.373104673991114,503.2173931191067,,F
291,291,samantha84@cortez.com,"960 Miller Union
East Virginiastad, MS 74191-2346",Navy,33.53939634697659,10.53455349946108,37.03479128933126,2.214797519393937,378.4735664479011,,F
292,292,edward29@knapp.com,"4029 Gerald Cape
South Laurenborough, SC 19130-5133",DarkOrange,33.37401692609311,11.14343307794363,35.94639914639545,5.454463277564527,584.2183134866808,,M
293,293,hannahgilbert@gmail.com,"6961 Mary Stravenue Suite 857
Hilltown, TX 52813-7703",Aqua,33.79475594486519,10.98280553466288,34.81063145023747,3.201801722174991,451.7278633175868,,F
294,294,lschroeder@gmail.com,"93101 Shannon Common
South Destiny, ND 30379-2855",Ivory,33.7709000976483,11.15396605487739,37.24032955207884,4.729484541572504,557.6341089957288,,F
295,295,thomaswendy@yahoo.com,"449 Amanda Tunnel
Joshuahaven, CO 15377",LavenderBlush,31.30919264089182,11.94717532394177,36.19083323650043,3.205529764506833,432.7207178399336,,F
296,296,fuenteskathryn@schmidt-johnson.org,"839 Heather Cliff
South Blake, SC 90412",Cyan,33.61256335498108,11.47056500466582,37.0616887661275,3.802511438790271,506.4238599698002,,F
297,297,melissa08@rowe.net,"13799 Cortez Inlet Suite 733
East Stevenshire, AL 32757",Tan,33.39826012958678,11.03785041365591,38.61733445368848,4.116340467131812,510.1598172791045,,F
298,298,bradleysmith@barber.com,"581 Gilmore Port
Heatherville, MS 20879",PaleVioletRed,33.6225918404558,11.16735689749729,35.62658733096311,5.462500764129899,587.5747994806404,,M
299,299,morganorozco@hotmail.com,"0001 Mack Mill
North Jennifer, NE 42021-5936",LightPink,30.4925366965402,11.5629362466526,35.97656497174036,1.481616626855361,282.4712457199145,,F
300,300,johnsonhannah@gmail.com,"634 Robert Hill Apt. 800
Coxtown, OK 32430",Thistle,31.90485713101361,12.22772827968665,36.98591347608606,3.771420131891554,473.9498574228161,,F
301,301,javier02@landry.net,"Unit 7029 Box 3429
DPO AE 56975",CadetBlue,33.0264203526517,13.18681287300118,38.06692960186935,2.898299577888636,489.9080530975353,,M
302,302,lmalone@gmail.com,"USS Beasley
FPO AP 50556-7615",AntiqueWhite,32.97519290296385,13.39445178894206,37.80697766984659,3.569046515858519,541.9722037582585,,M
303,303,brandon77@richardson.com,"109 Jessica Manor
North Patriciashire, PR 84726",GhostWhite,30.81620064887634,11.85139874307314,36.92504303887863,1.084585303022123,266.086340948469,,M
304,304,bhamilton@shaw.biz,"036 Mary Drive Apt. 581
Port Brandytown, FL 66143",DarkOrchid,33.91401511732236,12.26650383894758,36.57503097579012,3.023474446045546,494.6871558102853,,M
305,305,randyrobinson@hotmail.com,"14548 Hayes Isle Apt. 436
Garciaville, IN 65366",DarkGray,33.30267220801569,13.45922228983248,36.33952101023726,5.56638489205681,689.7876041747194,,M
306,306,ecruz@yahoo.com,"08111 Barry Highway
Bentonberg, GU 13706",Gainsboro,31.91207592920061,11.7929718219615,36.25781911850192,2.395168129979137,387.5347163057077,,M
307,307,wrightdanielle@gmail.com,"508 May Highway
Port Jacobview, MN 31932",DarkSalmon,32.40855895733437,10.98574015235435,37.36839124072731,3.5048334855203,441.8966315178863,,F
308,308,deandanny@yahoo.com,"9781 Lopez Spurs Apt. 300
Fitzgeraldborough, MA 89035-4317",Ivory,32.64461690576892,12.63755715936428,36.5170857636486,5.226687712532107,604.8413188212227,,M
309,309,dblair@gmail.com,"190 Kelley Burg
West Juliaport, IA 35826-8163",MediumSlateBlue,34.10227850874102,8.508152176032603,35.46240008104617,1.838210702250114,302.189547809652,,M
310,310,veronicapruitt@hotmail.com,"Unit 7502 Box 8345
DPO AE 53747",Cyan,33.24850620315415,11.65659203385175,36.54860515461888,3.363411393785737,479.6148116731426,,F
311,311,davischristina@hotmail.com,"49352 Avila Terrace Suite 624
Amandaland, GA 99736",SeaGreen,34.72908016563062,11.9668980767806,36.54759627699103,2.957448756503683,506.132342437705,,F
312,312,douglasdunlap@boone-rose.com,"093 Larson Ports
West Kathryn, OK 91243",Purple,30.3931845423455,11.80298577760313,36.31576315180342,2.083814192034671,319.9288698031936,,M
313,313,david28@wallace-hill.org,"43382 Heather Meadows
New Lisaburgh, WI 19151-0302",LightBlue,33.3841105711181,12.67740143712103,35.62253059160599,3.680847338174777,528.3092250312227,,M
314,314,williammoore@rose.com,"686 Baker Fords Suite 893
East John, IL 50171-9547",Brown,32.87847436565769,13.03253497594319,37.87095205416159,4.693732057983859,610.1280331303979,,M
315,315,angela25@walker.com,"456 Eric Views
North Amanda, MS 98876-3102",Chocolate,34.50141785278397,12.44761745405695,37.53453024067718,4.008352234634593,584.1058850493533,,F
316,316,arice@reynolds.info,"740 Marshall Squares
Davidbury, AL 94251-0846",Thistle,33.56647438959015,12.23565924510851,37.27757337619507,2.532044061507893,466.4211988217437,,F
317,317,adam75@gmail.com,"9991 Macdonald Squares
Vasquezborough, WY 73586-4597",Purple,32.8487928288471,10.97316208431735,36.60950715426321,2.870986909699696,404.8245288726869,,M
318,318,charlesgutierrez@hotmail.com,"363 Kathleen Underpass
Ashleyside, PR 98964",MistyRose,33.53186013061325,13.66576979426785,36.90022076162611,3.515688256202335,564.7909690079206,,M
319,319,codyandrews@hotmail.com,"63010 Reyes Creek Apt. 569
West Catherinetown, MN 67491-6816",Indigo,33.41906734548329,13.39112017923401,37.19419104646396,4.06991661858986,596.516697973153,,M
320,320,wheelernancy@hernandez.com,"66340 Michael Lane Suite 878
West Brian, LA 69137-1147",Gold,32.49541877365431,12.96832561098067,38.29611037277827,1.200483856756669,368.6547849470645,,F
321,321,drew27@ryan-thompson.com,"4475 Lopez Stravenue Apt. 690
Smithchester, NV 84347",PeachPuff,33.67402747501462,12.96889313052709,37.33310741829708,3.22945090446699,542.4124767293989,,M
322,322,suzanne63@gmail.com,"229 Eric Mountains
New Caleb, PA 00396",LightSalmon,33.26463207316392,10.73213134030366,36.14579171248221,4.086566338485993,478.2621263968358,,F
323,323,mitchellscott@gmail.com,"3976 Tom Streets Suite 438
Port Davidtown, AL 55334-2369",DarkOrange,32.76245596030955,10.95235338045865,37.64629178743077,4.019470351595002,473.360495571661,,M
324,324,laurajimenez@gmail.com,"06103 Erik Fields Suite 781
Jonesmouth, GA 49931-3078",SlateBlue,33.47947160188164,12.60888879370027,37.22939451627662,4.205903889533483,559.1990479544186,,F
325,325,rogersheather@hamilton-jensen.org,"510 Michele Port
East Angela, HI 23618",MintCream,33.78520720573319,13.03951102528497,36.31272657154038,2.018194629287311,447.1876443054186,,F
326,326,ievans@hotmail.com,"2064 Poole Groves
North Chrisland, SC 78169",NavajoWhite,33.21718784289895,10.99968366108592,38.44276668680506,4.243812816726185,505.2300682820706,,M
327,327,john85@rodriguez.info,"57120 Frank Keys
Jerryborough, DC 81028-0939",Tomato,31.12809004961663,13.27895622859772,37.38718052656558,4.626075291951958,557.2526867470547,,M
328,328,phillipsmark@byrd.net,"6734 Perez Trafficway Suite 395
Nunezland, NC 83245",DarkSeaGreen,33.36951735608769,10.62794922615627,38.04031366664072,3.00295702283384,422.3687366068266,,M
329,329,elizabeth61@berg-braun.com,"649 King Extension
North April, NY 54175",Lavender,32.83789305323918,13.1851811673685,35.92159518889928,1.823595182991803,445.0621855089249,,F
330,330,dbenson@simpson.net,"732 Heather Place
North Michael, VT 92527",DodgerBlue,30.57436368417137,11.35104901125083,37.08884657968332,4.078308001651641,442.0644137580656,,F
331,331,stephaniehill@hotmail.com,"8248 Parker Overpass Apt. 024
Lake Pamela, WY 44322-1735",Wheat,32.27459383033916,12.95481145493793,37.1088163801084,3.689916615447592,533.0400601788124,,F
332,332,davisbriana@gmail.com,"15298 Erickson Shore Apt. 056
South Patrickfort, MD 16503-3145",MediumVioletRed,33.14423399987652,11.73704063527238,37.93518904595916,2.190132185380053,424.2028270990325,,F
333,333,kday@gmail.com,"4835 Jessica Walk Suite 205
West Jacob, NH 93681",Magenta,33.4855197629536,11.88734530206183,35.86244707788159,3.20675669758687,498.635598489176,,M
334,334,jonathanconner@morales.biz,"920 Anderson Extensions
Greenfurt, GA 19316-3498",SeaShell,31.97648006146129,10.75713092611442,36.59586794587455,1.977007127843059,330.5944460341002,,M
335,335,anneingram@miller-alexander.com,"4301 Park Lake Apt. 158
Spencertown, SD 45934",HoneyDew,32.13386240984833,11.61265076957031,39.24880390433504,3.349245382527182,443.4418600624623,,F
336,336,jeffery48@mcguire.com,"52326 Townsend Centers
Lake Williamburgh, NJ 70568-7463",LightCyan,32.30255310311144,11.97906148391534,38.26906069147024,3.532861579556475,478.600915944333,,M
337,337,theresamitchell@martin-chambers.biz,"157 Linda Roads
New Jimmyshire, MH 51942",Khaki,31.82797905546526,12.46114744466542,37.42899736939191,2.974736815083241,440.0027475469415,,M
338,338,christianwade@butler.info,"3687 Sarah Ranch Suite 919
Gainesfort, AK 05665",Crimson,32.01807401063208,10.07946345195243,38.0706642585136,2.618165310396085,357.7831107453153,,M
339,339,tina16@santiago.com,"314 Kidd Run
Johnfort, KS 46546-2732",White,32.99745900249169,12.58924056106152,37.33224074655334,2.804013692690394,476.139246872566,,F
340,340,vancealicia@hotmail.com,"06307 Scott Spurs Suite 161
Jessicaburgh, NH 26093-5908",RoyalBlue,31.81642833419931,14.2880145907663,36.77386136993079,2.964497876235402,501.1224915036564,,F
341,341,dbell@hotmail.com,"3485 Anthony Street Apt. 119
Mikeberg, FL 32602",DarkViolet,34.46151473966461,11.91711569558776,37.76668677332467,4.350887843724466,592.6884532021675,,M
342,342,pamelahampton@martin-cobb.com,"91542 Jessica Springs Suite 255
Thomashaven, MT 39239-3790",DarkSeaGreen,32.34279623166797,11.40964461636565,35.77778217066089,3.87243204186891,486.0834255029927,,F
343,343,mark81@wagner.com,"410 Gonzalez Corners Apt. 187
East Stephenport, VT 22771",Navy,32.30274837339047,12.81539264861031,37.95780983454751,4.615426306527649,576.0252441251166,,M
344,344,awerner@manning.com,"407 Blake Ways
Port Davidland, WA 78438",Gray,33.06644065628263,11.67322925410127,37.84065507750671,2.727209453758874,442.7228915742714,,F
345,345,robertramirez@kaiser.com,"1583 Anderson Coves
East Rebecca, NH 27212",Purple,33.89464038846548,10.61053651970745,37.97738873797974,3.537123879902206,461.7909590614097,,M
346,346,justin26@gmail.com,"32303 Baldwin Causeway
South Robertside, HI 58126",RosyBrown,32.76566458750661,12.50654819032794,35.82346666642284,3.12650948966,488.387525780145,,M
347,347,douglas95@yahoo.com,"395 Summers Courts Apt. 413
Coopermouth, IA 21205-1079",White,33.76981237165136,11.30446230742288,37.83397172859896,5.137816745950984,593.1564014822196,,M
348,348,qmorse@yahoo.com,"0360 Pearson Dam Suite 263
Lake Shawn, UT 65986-4190",MediumTurquoise,31.81248255972426,10.88692118095167,34.89782768831135,3.128638855744633,392.8103449837973,,M
349,349,jason50@bates.net,"74839 Michael Plains Suite 356
South Austinshire, ND 40309-1424",Bisque,32.00850451785513,12.09588948509348,36.37750903434099,3.178952405053448,443.1972210287555,,M
350,350,qeaton@savage.com,"27032 Michelle Forest
Morrowtown, ND 14749",SaddleBrown,33.30433661798984,12.69266142973939,37.33359061333867,3.827375915107567,535.4807751896418,,M
351,351,tluna@hotmail.com,"01512 Hendricks Rue
East Pamela, PR 46481",YellowGreen,32.18984472927355,11.38677555128065,38.19748324839899,4.808320372869162,533.3965537868428,,F
352,352,kara33@gmail.com,"5527 Hogan Road
South Jeffreychester, MA 28632",LavenderBlush,34.93560510564431,10.72841853937782,36.88119240747175,4.048510087289211,532.1274491097012,,F
353,353,thomas22@yahoo.com,"7346 Jennifer Green Suite 148
Wagnertown, MT 65972",IndianRed,33.55165060797954,11.9368951598421,35.90025278215821,4.543332413293085,558.9481123879059,,M
354,354,david47@hotmail.com,"37216 Krista Drives
West Andrew, DE 70036",DarkKhaki,32.38696867463189,12.71799510231404,35.12882235312117,3.481062133125168,508.771906741518,,M
355,355,beasleyjoseph@hotmail.com,"1094 Bentley Forges
Lake Antonio, MA 29181-3664",SaddleBrown,33.34450868519732,10.96980287410624,35.9745781075859,2.627624971434411,403.7669020956173,,M
356,356,hoffmandaniel@yahoo.com,"922 Hampton Path Suite 198
Port Jasonmouth, FL 46623",Orchid,33.6727578867203,13.42054574220117,37.76369040280343,4.794312263402832,640.5840618984408,,M
357,357,garnerjustin@king.com,"0833 Brian Canyon Suite 566
Anthonymouth, VT 01329-7541",DarkCyan,34.00207092262163,11.85468192110211,37.49189221040693,2.761861926301417,461.6282783910862,,M
358,358,francesjohnson@lee.com,"577 Peters Turnpike
Loriport, MA 60572-1669",Aquamarine,32.65539704223188,11.91885970932454,35.71626915951701,2.159676022988829,382.4161078654751,,M
359,359,awu@robinson.org,"0281 Dale Wells Suite 656
East Joshua, ME 73389",Brown,32.05426185118476,13.1496695579914,37.65040020345744,4.19561441267513,561.874657668983,,F
360,360,xevans@hotmail.com,"13164 Miller Camp
South Deannaberg, ID 85433",DarkMagenta,33.22877226969563,12.68539389984808,36.04898625036686,2.139403004485981,444.5761441337301,,M
361,361,lauriewilson@jackson.com,"389 Joshua Stravenue Apt. 983
Martinezland, MN 29049",Cornsilk,32.07759004432913,10.34787694566158,39.04515569638811,3.43455972254092,401.0331352191061,,F
362,362,cruiz@yahoo.com,"497 Julian Brook Suite 872
Hillberg, FM 87927-5760",LightSalmon,33.98100557978778,9.316289204373824,36.91495154541398,2.868428181639752,384.3260571375157,,F
363,363,tammy12@gmail.com,"78297 Brown Street Apt. 786
East Taylorfurt, AK 97246",Chocolate,34.17951756796679,12.58154772991454,35.44426469639399,3.137068975480682,527.7829957560522,,F
364,364,adamperkins@terrell.com,"2595 James Creek Apt. 571
Millerberg, HI 82236",PaleVioletRed,32.60273898042012,11.76444758945299,37.922703809566,3.525806412195224,482.144996875768,,M
365,365,willie26@johnson-howard.com,"97686 Robertson Cape Suite 607
Port Veronicaside, NE 47293",Wheat,32.03054971621298,12.6442021188637,38.00182746752369,5.038107493844868,594.2744834186117,,F
366,366,yvaughn@meyer.com,"9863 Dawn Court Suite 429
Lake Connie, MI 12238",OldLace,33.10035775077291,11.83211223148373,36.84149163805485,3.6122391519937,502.0925279023197,,M
367,367,carolfarley@gmail.com,"51173 Curtis Cliff Apt. 727
Ramoston, DE 32714-4579",SlateBlue,32.99059904291544,10.4412350616032,35.93896250240334,2.895075162804356,407.657178759326,,F
368,368,rhonda01@gmail.com,"939 Watson Run
Staceyberg, VT 58376-0454",Orchid,34.38582029299538,12.72971951042331,36.2321098025842,5.705940716620838,708.9351848669819,,F
369,369,david80@knight.com,"368 Morris Ports Apt. 735
New Lisaville, GA 34271-8632",MediumAquaMarine,34.3571962682044,9.477777607959723,37.90601452014432,5.0470225513951,531.9615505451646,,M
370,370,aaron04@yahoo.com,"16338 Scott Corner Suite 727
West Alexandra, AR 54429",SeaGreen,33.70511279750195,10.16317906005256,37.76304108154524,4.778973636034998,521.2407802357948,,M
371,371,kaylahenderson@hotmail.com,"Unit 1609 Box 3480
DPO AA 95185",MediumSpringGreen,32.40429504598358,11.60899793622154,38.11045690682496,2.96655888465992,447.3690271993314,,F
372,372,mholt@hotmail.com,"486 Adams Hills
North Walter, MS 18124",LightSeaGreen,31.82934645592113,11.26825923057403,36.9569654250941,2.668919773334502,385.152337987975,,M
373,373,tanya20@gmail.com,"69279 Stewart Mountains
South Pamela, KS 22541-3414",DarkKhaki,31.36621216718769,11.16315954291328,37.08831936433477,3.620354588804087,430.5888825564849,,F
374,374,aaron89@gmail.com,"0128 Sampson Loop Suite 943
Hoffmanton, MO 02122",SaddleBrown,31.44744649412782,10.10163220478101,38.04345265084127,4.238296188412728,418.602742095224,,M
375,375,hunterlucas@gmail.com,"89301 Kylie Crossroad
Petersonberg, MH 23834",Turquoise,33.58294683702328,12.76153127820102,36.90818962373682,2.479339823208695,478.9514047578855,,M
376,376,sfarley@jones.com,"0554 Powers Curve
Nathanchester, FL 06878-6336",AntiqueWhite,32.39742194430904,12.05534016133012,37.68546548721554,3.506967573635258,483.7965220614929,,M
377,377,sarahtran@dixon.com,"770 Katie Walk Apt. 585
Port David, MN 52850",GoldenRod,35.03744996157605,11.93593496655918,35.78392374450292,3.310150346576856,538.941974531203,,F
378,378,randywhite@armstrong.biz,"0506 Pitts Forks
Woodsbury, AL 98082-8186",Teal,32.78494023263413,12.45120001243831,36.66579136924871,3.535802467873828,486.1637990666317,,M
379,379,tsmith@yahoo.com,"92028 Thomas Mountains Suite 044
New Matthew, MI 02429-0994",Bisque,33.9717220376126,12.28446706706721,38.29572526401705,1.130476960431977,385.0950070687634,,F
380,380,martinezleah@carter.com,"8456 Joseph Locks Suite 926
Christopherport, TN 57784",PaleGreen,33.38599019075222,12.78217179476018,35.55077226680613,3.22871768627065,527.7837897574573,,M
381,381,steven00@combs.com,"64460 Morris Fords
Gonzalesmouth, MI 40832",RosyBrown,33.55655567140276,12.96030712891441,37.95194631773514,3.345922321004893,547.1907493518986,,M
382,382,blakekent@smith-pena.com,"3933 Brooke Point
Johnsonburgh, DE 22659-3488",Crimson,33.58737339024554,9.95399500605983,37.34573893439929,3.215666827021987,410.6029439492151,,F
383,383,amanda03@yahoo.com,"313 Lisa Loop Apt. 543
North Jenniferchester, MN 58819",Brown,34.18818406101828,13.13002166477667,35.42933438847124,3.790552136880443,583.9778019715428,,F
384,384,brandonsmith@yahoo.com,"62106 Nathan Mountain Suite 505
North Matthewborough, AZ 32092-6122",Gold,33.59396354804201,11.52056678856222,36.18913179541947,3.561215271431082,474.5323294398898,,M
385,385,thardy@perry.com,"39209 Cooper Neck Apt. 541
Tylermouth, ME 94450",SeaGreen,33.23626572150874,10.97255431429241,34.57402758718963,2.931619534651152,414.9350606518193,,M
386,386,michael86@yahoo.com,"87270 Garrett Cliffs Suite 361
Brooksberg, MO 26555-2502",LightYellow,33.20891970058922,13.53191346185937,38.95246252162795,3.046540620689238,550.8133677324173,,M
387,387,ulee@wells.com,"309 Singleton Hollow
Matthewhaven, NJ 68776-7477",LemonChiffon,33.63781167586591,12.03950237046992,34.48718474774243,2.739200466766662,458.7811316842499,,F
388,388,judithsmith@jimenez.biz,"186 Anthony Route
Gordonview, AS 78120-4633",DarkOrange,33.59048580327403,10.94206962101765,36.17049420248099,2.783963128204522,407.5421680134348,,F
389,389,nblack@smith-romero.biz,"00615 Tracy Islands
New Marcfort, MO 87297-7431",LightCyan,34.19550803096264,12.66419262251565,37.02715036476952,4.330407444211276,581.3089328795,,M
390,390,michaelcampbell@yahoo.com,"96480 White Lane Suite 521
Pattersonhaven, OR 39409-4561",Gray,35.86023651335309,11.73066139427783,36.8821490815068,3.41620997759013,546.5566668627299,,M
391,391,rcarter@crane-thompson.org,"14064 Frazier Hills Apt. 176
Amyborough, MP 77858-0018",MediumVioletRed,33.48193057257537,11.91867030737935,37.31770494919684,3.336339382004185,503.1750851912004,,F
392,392,dwhite@gmail.com,"02136 White Grove Suite 418
Marytown, DE 70033",OrangeRed,33.25823783380398,11.51494906657487,37.12803949832229,4.662845304002564,549.131573287217,,M
393,393,vancemichelle@gmail.com,"6586 Reginald Crest Apt. 061
North Josephfort, NM 55275",DeepPink,32.31985797216731,12.41811320223162,36.15533620495955,3.222080766760957,482.8309858617018,,F
394,394,kylemelendez@hotmail.com,"2749 Cunningham Flat Apt. 838
Derekberg, OH 45288",DeepPink,32.43083857908201,13.8872754133855,38.38195597213616,3.772969024644708,557.6082620533542,,F
395,395,richard35@hale-duncan.net,"33940 Craig Throughway Apt. 334
Martinview, IL 62015-0314",GhostWhite,31.44597248275779,12.84649906747437,37.86921693600857,3.420149530164856,484.8769649351286,,M
396,396,waltonkaren@gmail.com,"355 Villegas Isle Apt. 070
West Jenniferview, NM 26775-4339",Green,35.74266980593494,10.88982828300503,35.56543623713974,6.115198945760052,669.9871405017029,,F
397,397,contrerastiffany@gmail.com,"439 Todd Summit Apt. 478
Mooreland, AR 31655",CadetBlue,34.01261946065637,12.91457009432792,36.04620351842453,3.488029991222591,547.7099885778625,,F
398,398,rogerstiffany@wilson-horne.com,"30700 Justin Ports
Port David, PA 52171-5921",DarkOliveGreen,34.14039342796294,11.56852664174477,38.9187485410195,4.082855278762214,537.8252822957112,,M
399,399,waltercharles@sanders.net,"291 Stephen Glens Apt. 532
Jacquelineton, NJ 53606-5656",IndianRed,32.37798965892753,11.9717507865706,37.19936752783635,2.829699575147089,408.2169017707518,,M
400,400,john96@chan-anderson.biz,"04290 Barron Square
Laurenmouth, AS 79917-9544",Snow,33.17233109074306,13.07869243953642,37.32981862521235,5.405406467229508,663.0748176067602,,M
401,401,bushsharon@barber.com,"0013 Andre Field
Whitebury, AZ 68447-6306",DarkSeaGreen,33.24732220295966,11.9564264848542,36.5173461200418,3.451750709833103,506.3758667501975,,F
402,402,nicolegay@jennings.com,"50718 Timothy Light
Garciaport, SC 60266-6696",BlueViolet,33.59891333929404,13.25273709418423,37.30596141998359,2.935577273740486,528.4193296952955,,F
403,403,rchambers@hotmail.com,"53964 Weaver Brook Suite 861
Stevensonshire, NY 18128",OliveDrab,33.08529799058909,13.09353728119506,38.31564796064117,4.75036007144446,632.1235881419656,,F
404,404,gomezalicia@hotmail.com,"506 Allison Cove Apt. 766
Weeksstad, AS 71308",MediumSpringGreen,32.27844334791966,12.52747174452287,36.68836654250484,3.531402303058898,488.2702979651482,,F
405,405,potterkenneth@strickland.com,"2559 Harris Pines Apt. 514
Michaelshire, ME 21753-8834",MediumSlateBlue,33.44155304475122,11.23596895425252,37.05261630809583,3.904479379627935,508.7357409506604,,M
406,406,charlesjackson@brady-fuller.net,"3802 Veronica Causeway
East Patrickfurt, DC 84522",GhostWhite,32.86530120924307,12.07483016795738,35.56917031744619,2.399079789790412,411.1869635742789,,M
407,407,jacquelinewest@pace-herrera.com,"592 Villanueva Village
Woodsstad, AK 20530",Purple,31.52619789823981,12.04533197969933,38.50588332918249,2.847709026474498,409.0945261923379,,F
408,408,stevenjohnson@yahoo.com,"PSC 4427, Box 6116
APO AP 87584-5187",SandyBrown,33.00084964015205,11.23074330676104,36.99529016635977,3.781703565104839,467.8009243667916,,M
409,409,johnsonchelsea@gmail.com,"19270 Velasquez Coves
Boylechester, AZ 51480",LightCyan,32.08838063044821,11.90784409977911,35.18912244437772,4.34977841863416,512.165866388158,,F
410,410,jenniferjenkins@jones.com,"USNS Jacobs
FPO AE 71507-1312",LightSalmon,33.26544447284578,13.05221038516131,38.77566529611688,4.574287716419565,608.2718166151668,,F
411,411,ebutler@rogers-gonzalez.com,"001 Estrada Union
Lewismouth, TN 47360",Chartreuse,32.99257319669223,13.00436200567308,36.98504141740091,4.620416384895069,589.0264897562791,,M
412,412,ellenlucas@cox.org,"86268 Davis Corner
North Danielview, CT 59551-9382",DarkGoldenRod,33.86318870719846,11.52352268106905,35.9380452301724,3.013032500419437,444.0538265727727,,F
413,413,elizabethnunez@vasquez-nelson.net,"209 Andrew Viaduct
Port Anna, OR 01627-8037",Cornsilk,32.59209322575472,10.3147179218939,36.72902940108787,4.791108744558267,493.1812613907186,,F
414,414,ramirezjacob@turner.com,"19704 Kaitlin Flat
West Andrewtown, VI 38642",Magenta,32.38103459096344,12.43312852973345,37.62690680204789,4.334001444341368,532.724805462904,,M
415,415,brian51@cook.info,"0508 Terrance Cliff
Rebekahtown, NC 48724-8308",SaddleBrown,31.51712180250623,10.74518855418288,38.79123468689964,1.428823876828267,275.9184206503857,,M
416,416,victoriajohnson@gmail.com,"2082 Christopher Place Apt. 081
Cynthiahaven, HI 99393-8910",DarkViolet,33.45430192604019,11.01675563671503,37.6373109611636,4.137000388171067,511.0387860511611,,F
417,417,lawrencewalton@hotmail.com,"584 Patterson Falls
West Alicia, DE 45751",Chocolate,32.21552741998912,12.21685469335982,36.95395970110429,2.910530822492482,438.4177420114685,,M
418,418,ashleymoreno@gmail.com,"11430 Meza Green Suite 037
Martinezborough, FL 40624-8726",DarkViolet,31.67391550327496,12.32914702141883,37.07437106706513,3.982462318955639,475.7250679098812,,F
419,419,wesleyvance@moore.com,"210 Johnson Street Suite 717
New Bethanyborough, MO 84817",Magenta,33.71755461300513,10.8069660677747,36.01231723045213,3.701229217020273,483.5431938653882,,F
420,420,edwardbrown@yahoo.com,"2971 Angela Island
Lake Timothychester, NE 48734-6685",HotPink,33.21547157476038,12.13510139695572,37.14209368933963,5.840505875931425,663.8036932755082,,M
421,421,youngellen@hotmail.com,"994 Joel Highway Suite 216
New Jessicafort, UT 14179",DodgerBlue,31.57413802287324,12.94155572990243,36.72527682557127,4.560396067343641,544.4092721605869,,F
422,422,robin80@yahoo.com,"928 Bailey Road
East Mary, DE 11678-5634",Turquoise,33.89457038870139,13.30029936333656,36.39368385502078,4.490002065559834,630.1567281670505,,M
423,423,dana59@hotmail.com,"31927 Jill Mountain
South Jessica, MN 63418",Blue,33.12869268643142,10.39845771308564,36.68339299807869,3.859817998874009,461.1122484306093,,M
424,424,bwilliams@hotmail.com,"1549 Walker Passage Apt. 463
West Calvin, AZ 03144",PaleVioletRed,34.3703270461643,11.88780041578104,37.86144725932397,3.046620188822232,491.9115050963458,,M
425,425,whitetyler@anderson-avery.com,"4547 Stafford Throughway Apt. 178
North Patrick, MD 60768-4837",MidnightBlue,34.08026009173408,11.59143970313659,36.45689841052432,4.652854446136777,574.4156896079882,,M
426,426,rwilliams@trujillo.biz,"54560 Thompson Creek Apt. 029
New Brianville, FL 84430-8588",BlanchedAlmond,31.42522688085481,13.27147504252467,37.23984661097634,4.022102909528949,530.766718654762,,M
427,427,randall85@williams.com,"5086 Morales Islands Apt. 099
New Patricia, IL 78823",Black,33.62530726457669,12.9882205986331,39.67259095594186,3.969417759107739,581.7987976770314,,M
428,428,kevin45@mathews.net,"02393 Baker Falls
New Georgeport, ND 36338-5110",DodgerBlue,31.8627411090001,14.03986726252191,37.02226898591233,3.738225173325334,556.2981411740467,,M
429,429,deborah48@white.com,"1693 Gary Mission Suite 479
Lake Kelly, MO 68205",DarkGreen,33.29258730730077,11.90650776221992,38.42286529341121,3.37668749953603,502.132789227254,,F
430,430,hoganrichard@george.com,"4929 Michelle Grove
Lake Alexis, MT 92147-1660",BlanchedAlmond,33.74922777081331,11.13714030231066,38.40137368953426,4.595522708601322,556.1863688687886,,M
431,431,kelly24@lewis.info,"983 Ross Glen
West Jessica, NJ 42860-5757",Bisque,34.14496898723948,12.90266488910393,36.61119877576035,2.223993458252053,475.0716298996618,,F
432,432,katherinegray@yahoo.com,"685 Sexton Ranch Suite 125
Lake Robertshire, NE 04469-3024",Cyan,31.12397434991195,12.38651625649485,35.63211221551042,4.288486770885737,486.9470538397658,,F
433,433,efoster@williamson-boyd.org,"4968 Bennett Manors
Rogerschester, IL 81579-8333",Lavender,34.27824787999725,11.8227217455943,36.30854529439036,2.11738254152726,434.1442020262987,,M
434,434,jordandavid@gmail.com,"61502 Parker Vista Apt. 363
Jonesshire, GU 33532",Violet,33.66661568345138,10.9857637851215,36.35250276938114,0.9364975973183264,304.1355915788555,,M
435,435,sanchezamber@scott-patterson.com,"257 Hunt Manors
South Charlottefort, CT 15033",Fuchsia,32.25997326555701,14.13289345755336,37.02347923640571,3.762070442711566,571.2160048349454,,F
436,436,tinayoung@hotmail.com,"83995 Owens Course Apt. 747
South Jennifer, NJ 29942",MistyRose,35.43316530057876,11.91221047990058,36.08964365766702,4.00096358646012,583.0796356620574,,F
437,437,alicia28@fuller.com,"8055 Robinson Brooks Apt. 657
Walterview, KY 83019",CadetBlue,31.9673209478824,11.48158714783626,39.24096484164356,3.532517164539353,445.7498412396523,,F
438,438,rileyalejandro@gmail.com,"Unit 1475 Box 4215
DPO AE 39546-5591",LightSteelBlue,32.14906052210598,10.04731473507118,37.18144731064989,3.535088427618945,392.9922559140308,,F
439,439,oliviamarshall@sawyer-sellers.com,"Unit 5934 Box 9748
DPO AA 37361-3043",Brown,33.91884417783405,12.42873692786828,37.30536187928602,4.158214652664192,565.9943634015268,,F
440,440,hortonrobert@hotmail.com,"31309 Stacey Keys Apt. 979
South Jason, KS 35357",Salmon,33.20061634140451,11.96598026679248,36.8315358508469,3.549036057426973,499.1401524490539,,M
441,441,montgomerycheyenne@hotmail.com,"1812 Sandra Shoal Apt. 350
Amandamouth, SC 87794-1628",FireBrick,32.53677489754807,11.12136606050941,36.97937237345656,4.129254688094536,510.5394216996283,,M
442,442,martinkristi@sanchez-coleman.com,"PSC 1893, Box 7023
APO AA 73445",Lime,34.08366330162949,8.668349517101323,35.90675636579306,2.252445963380842,308.5277465580334,,F
443,443,jefferycampbell@gmail.com,"381 Ashley Locks Suite 366
North Migueltown, TX 09795-0494",GreenYellow,33.02502013857587,12.50421980767525,37.64583878801402,4.051382465375181,561.5165319790891,,M
444,444,webertom@phelps.com,"189 Crawford Hill Apt. 746
New Madison, WV 14108-4333",DarkOrchid,31.26810421075072,12.13250911164154,35.4567981489283,3.072076141486883,423.4705331738239,,M
445,445,aschmidt@johnson.biz,"Unit 1743 Box 8085
DPO AE 47693-8164",Blue,32.21292383005795,11.73299146158808,35.63395394740078,4.331863026751083,513.1531118530668,,M
446,446,lisadelgado@gmail.com,"57993 Jennifer Unions Suite 685
Emilyville, OK 53366-2375",Olive,33.49950610067555,11.94659088498175,36.48632507239341,3.937862643180167,529.1945188649573,,F
447,447,sharongraves@yahoo.com,"73098 Ronald Port
Cliffordborough, MO 37479-9244",Wheat,32.90485366735398,12.55610761693817,37.80550943244919,0.2699010899842742,314.4385182951061,,F
448,448,flevine@gmail.com,"5292 Melanie Crescent Apt. 064
Fischerborough, NV 85721-5045",AliceBlue,32.20465464567852,12.4807015171182,37.68028760836798,3.27946626006561,478.5842860083426,,F
449,449,rskinner@johnson-jefferson.com,"24725 Neal Lock
Cynthiaville, NY 51578",OliveDrab,32.67515450844823,12.59419406619111,37.68387537364701,2.571777835477658,444.5821649786528,,M
450,450,kiarakim@harris.org,"1502 Gonzalez Throughway
Kathrynchester, FM 86014-7194",Linen,32.99838766242905,10.9468419395869,37.64780805527063,3.826030617537513,475.0154070877503,,F
451,451,rachelrodriguez@lara-waters.com,"35466 Tommy Stream
Port Daniellemouth, KS 68863-6330",LightSlateGray,33.9431185791017,11.48419869378604,36.83936583281821,2.402453833414224,436.7205558562188,,F
452,452,dbrown@gmail.com,"76666 Kathy Locks
Port Susan, ME 64335",Indigo,33.55210836340867,11.12087086712378,36.80837605948795,4.02781384191709,521.1953105318003,,M
453,453,mary45@gmail.com,"33213 Tanner Knolls Apt. 519
Whiteborough, OR 37119-7790",Lime,33.67683086814267,10.97139243087549,37.72236711094261,3.629339915268192,478.1830597118797,,F
454,454,marcusleach@floyd.org,"Unit 3998 Box 4348
DPO AA 37629",SteelBlue,32.64194636558817,11.5889485797125,36.32214091690131,3.189609941879746,432.4811685570177,,M
455,455,lmunoz@yahoo.com,"2100 Austin Camp Apt. 943
Anthonymouth, WV 24243-3781",Olive,33.42121218172261,10.70664152130775,35.76615350038372,3.393975043434297,438.3037078464297,,M
456,456,dvasquez@wiley.com,"967 Chloe Springs Suite 554
Lake Ashley, GA 03230",HoneyDew,32.76707608122926,11.07625934092972,34.77975050203264,2.574948470025072,388.9405487921943,,M
457,457,dylanmartin@hotmail.com,"42644 Helen Keys Apt. 103
Jessicahaven, KS 89406-1960",MidnightBlue,33.11995442833815,12.9532625421918,37.03427958207978,3.472021380034378,534.7714849461672,,M
458,458,xkaufman@gmail.com,"02342 Melissa Islands
Smithhaven, KS 68335",DarkViolet,35.37187609232446,10.57246660010612,36.86218334634355,4.198349060814376,537.9157529213054,,F
459,459,jasonhensley@yahoo.com,"97262 Brian Skyway
Lake Marissa, GU 96859",Sienna,33.9760825800378,11.65803681422413,37.42527868006791,2.086348146609663,407.8763782204976,,M
460,460,gstrong@hotmail.com,"7875 Landry Road Apt. 947
Brownshire, NC 10074-7735",Pink,34.03416353106073,13.59251265794629,36.83865678634849,3.605933917733071,618.8459704239658,,F
461,461,arnoldsamuel@wilson.com,"949 Tapia Viaduct
Martinezfurt, CT 79271-8205",LightSkyBlue,32.77049215854934,11.371767361249,35.26149811626243,4.034386130357466,502.7710745654961,,M
462,462,scottrose@yahoo.com,"50639 Sarah Isle Apt. 268
Yangmouth, MO 05540",SaddleBrown,33.50381038174352,11.23341495354092,37.21115258135112,2.320550249888456,397.420584096457,,M
463,463,salazarkaren@hotmail.com,"51173 Burton Wall Apt. 417
Prestonville, NY 37002",SteelBlue,31.87455169458537,10.29035076505648,36.92976156170339,3.491093337009152,392.2852442462675,,F
464,464,susanibarra@yahoo.com,"426 Scott Radial Apt. 065
Abigailstad, MS 16590-2222",Thistle,32.53323998265473,14.12178383925532,38.40632901011416,5.320093863780987,689.2356997616951,,F
465,465,nhenry@hotmail.com,"3874 Harper Plaza
North Nancy, ME 96802-9462",BlanchedAlmond,34.85131416586477,12.41554196333362,37.67232248424959,3.130538462464844,543.1326262891694,,M
466,466,millerrachel@gallagher-nichols.com,"Unit 4742 Box 9517
DPO AE 67219-3123",Turquoise,34.21146128149797,10.77024891744336,34.64980004740713,4.985204970864011,577.7360248512277,,F
467,467,garciakevin@gmail.com,"845 Colleen Ways
Lake Matthewview, VT 65340-3159",Orange,33.45961931752967,12.66439052473516,36.36684324701071,1.726962043188511,436.5807403475482,,M
468,468,philliproberson@yahoo.com,"Unit 0373 Box 8981
DPO AA 89902",Beige,34.20053940931898,12.66780887538727,37.48704924855169,3.701622286914234,553.9946735912697,,M
469,469,kstafford@estes-nguyen.com,"PSC 4856, Box 1297
APO AA 17032-7944",YellowGreen,31.16950679871159,13.97018107413045,36.67395273856423,1.785173944887964,427.3565308022928,,F
470,470,kennethperry@bowen.org,"272 Frederick Lodge
East Andrew, FL 07414",SlateGray,32.51819681399925,11.50925345352504,36.59928908739349,3.022675759862659,424.7287739291025,,F
471,471,prussell@lopez.com,"9985 Wolf Pass
Brandimouth, CA 63346",Bisque,34.52301962071633,11.40577045014106,36.37827101319427,4.041244969129275,541.0498309594356,,M
472,472,mosleyjacob@yahoo.com,"PSC 1790, Box 8872
APO AE 01821-4769",Orange,33.66599032199544,12.26371767603436,38.86023443032663,3.13952693504287,469.3831461723611,,M
473,473,rhaas@yahoo.com,"4502 Jennifer Prairie Suite 029
Lake Jesse, LA 02328-3633",DimGray,31.60983957338964,12.71070130045925,36.16646339192148,2.562818810803233,444.5455496511082,,F
474,474,antonioharris@hotmail.com,"4307 Nicholas Drive Apt. 259
Ramirezberg, AS 59832",MediumBlue,33.70088553901973,13.47157767194892,37.0716431982524,2.379076496891539,492.5568337004771,,M
475,475,austinthomas@gmail.com,"5855 Gross Burgs Suite 169
Ballland, AS 98525",AntiqueWhite,33.81173340621725,11.18680871864379,36.29889307823573,4.301996499354755,535.3216100850124,,M
476,476,bethsullivan@reed.net,"80500 Mary Corners Apt. 225
Wallsville, ME 80526",Beige,34.33667722314705,11.24681260601158,38.68258378408295,2.094761669007485,408.9583359406166,,F
477,477,ncummings@yahoo.com,"344 Jessica Stravenue
New Brian, MA 04730-6761",Beige,31.06132515671613,12.35763810720901,36.16604163340145,4.089330841235956,487.5554580579016,,M
478,478,hking@hotmail.com,"85181 Christian Courts Suite 758
Larryfurt, MS 38722-6766",PeachPuff,33.06976829928679,11.7643259586582,36.87502580891776,3.51605101747183,487.6462317438417,,F
479,479,annstone@hotmail.com,"543 Reynolds Burg
Melindaberg, KY 46631",LightPink,34.60624245261783,11.76188380368175,38.12651979793058,1.820810618152443,402.1671222237256,,F
480,480,christopher44@hotmail.com,"549 Anna Avenue
Port Laura, CA 76209-9339",WhiteSmoke,34.23824191192028,11.55030011086593,35.76932963050029,4.183143661726128,551.0230017027826,,M
481,481,autumn88@mendoza-mills.com,"214 Obrien Lakes Suite 572
South Jeremy, KS 52867-7617",MediumOrchid,32.04781463313985,12.4826699249705,35.53602453030415,3.393902788069372,497.3895577588434,,M
482,482,dhudson@ramos.net,"5661 Grant Centers
Stevensfurt, CT 53959",Olive,30.97167564388777,11.7313642940774,36.07455114016891,4.426364080529313,494.6386097568927,,F
483,483,egomez@hotmail.com,"768 Riley Pine Apt. 624
Kellymouth, OK 98992-3108",MistyRose,33.60685082311888,12.21407374586628,37.19842782272598,2.905238361446573,479.2474167840931,,F
484,484,kimberlyruiz@smith-gordon.com,"503 Adams Pines Apt. 638
North Ashleyside, AZ 34687-6128",DarkRed,33.44812500934655,11.90375668253594,36.87454360467994,2.782757828499416,462.6565189347133,,F
485,485,mooremichelle@logan.com,"07813 Randy Point
Lake Thomasberg, MO 06013-9920",Pink,33.36938093820547,12.22248394189373,36.35523488364423,3.447017792790689,515.5024796636585,,F
486,486,aaron22@gmail.com,"38678 Sean Drive Suite 293
Karentown, IA 78306-2717",DarkGray,33.45229528019031,12.00591637075617,36.53409567089256,4.712233578509766,576.4776071703129,,M
487,487,michelleshepherd@price.com,"6820 Erica Vista Apt. 418
Brightside, IA 50639",Orchid,32.90469244491627,11.91374515283876,36.05864760322049,1.228112423414423,357.8579836052193,,F
488,488,zscott@wright.com,"9909 Hoffman Ranch Suite 195
Scotthaven, SC 53575",PeachPuff,35.63085386109822,12.12540196794438,38.18776368086846,4.019051426800219,597.7398788791847,,M
489,489,tracy79@wheeler.net,"513 Moore Crescent Apt. 416
Amandaberg, GU 03655-2219",Magenta,32.2463499961189,11.30555143041474,37.13312675937632,1.707389728675731,327.3779525896521,,F
490,490,brian28@sanchez.org,"7446 Mary Ferry
Lake Sherryfurt, GA 49066-0207",GhostWhite,34.69559119111866,11.60899707087546,37.68487727530606,3.163091931073757,510.4013884525048,,M
491,491,leonardhancock@hotmail.com,"64147 Alexander Station Apt. 474
East Jasonview, MN 83788",SeaShell,34.34392190842758,11.69305819707265,36.81293412550146,3.447092896136896,510.5014784747974,,M
492,492,davidsonkathleen@gmail.com,"70128 Zimmerman Overpass
Robertsshire, VA 59860",DarkBlue,33.68093694960616,11.20156988468447,37.83544772741218,2.208813678005546,403.8195198321978,,M
493,493,nathan84@lowery.net,"01242 Stephanie Ways Suite 003
Churchville, MO 35617",MediumSeaGreen,32.06091439841006,12.62543264205395,35.53914242750508,5.412357839551379,627.603318713015,,M
494,494,kellydeborah@chan.biz,"354 Sanchez Wall Suite 884
Juliabury, VI 39735",DarkTurquoise,33.43109710248714,13.35063168445937,37.96597162275134,2.768851943263104,510.661792219672,,F
495,495,lewisjessica@craig-evans.com,"4483 Jones Motorway Suite 872
Lake Jamiefurt, UT 75292",Tan,33.23765998436727,13.5661596130876,36.4179847963968,3.746572973103466,573.8474377162277,,F
496,496,katrina56@gmail.com,"172 Owen Divide Suite 497
West Richard, CA 19320",PaleVioletRed,34.70252897286158,11.69573629348133,37.1902677104526,3.576525915259464,529.0490041294304,,F
497,497,dale88@hotmail.com,"0787 Andrews Ranch Apt. 633
South Chadburgh, TN 56128",Cornsilk,32.64677668060689,11.49940906100208,38.33257633196044,4.958264472618698,551.6201454762476,,M
498,498,cwilson@hotmail.com,"680 Jennifer Lodge Apt. 808
Brendachester, TX 05000-5873",Teal,33.32250105130547,12.39142299111832,36.84008572976701,2.336484668112853,456.469510066298,,M
499,499,hannahwilson@davidson.com,"49791 Rachel Heights Apt. 898
East Drewborough, OR 55919-9528",DarkMagenta,33.71598091844986,12.41880832475391,35.77101619161296,2.735159567082275,497.7786422156802,,F
